SpotID,Lamp5,Vip,Pvalb,Sst,Sncg,L6 CT,L6b,L6 IT,L2/3 IT,Endo,NP,L5 PT,L4,L5 IT,Astro,Total cells
AACTCAAGTTAATTGC.1,2,0,0,0,0,0,0,0,0,0,2,0,0,0,2,6
GCGAGTTCTGCAAAGA.1,3,1,1,0,0,0,0,1,0,0,0,0,0,0,0,6
AACGATATGTCAACTG.1,1,0,0,2,0,0,0,0,0,0,0,2,0,0,0,5
TAGGGTGTTTCAAGAG.1,1,0,0,0,0,0,0,0,4,0,0,0,0,0,0,5
ATTGTGACTTCGCTGC.1,1,1,0,0,1,0,0,1,0,0,0,0,0,0,0,4
ATCCAGGATTCGTGAA.1,1,0,0,1,0,0,0,1,0,0,0,2,0,0,0,5
ACCAACACCACACACT.1,1,0,1,0,0,0,3,0,0,0,0,0,0,0,0,5
GGATTCCGCTATACCC.1,1,0,0,0,0,0,0,0,4,0,0,0,0,0,0,5
CTTGTACTTGTTGACT.1,1,3,0,0,0,0,0,0,0,0,0,0,0,0,0,4
AAGAGGATGTACGCGA.1,1,0,0,2,1,0,0,0,0,0,0,0,1,0,0,5
TGTGACTACGCCAGTC.1,1,0,0,0,0,0,0,1,0,0,1,0,0,2,0,5
CTCATTTGATGGGCGG.1,2,0,0,0,0,0,0,0,3,0,0,0,0,0,0,5
GCAGCTATGGACAGGT.1,2,2,1,0,0,0,0,0,0,0,0,0,0,0,0,5
CATACCCGTACCCAGT.1,1,2,0,2,0,0,0,0,0,0,0,0,0,0,0,5
TAATAGAACAGAGTTA.1,1,0,1,0,0,0,0,0,0,0,0,1,0,0,2,5
CGGTGGGCTCCAGCCT.1,1,2,0,0,0,0,0,0,1,0,0,0,1,0,0,5
GGGCTCATCGAACCCA.1,1,0,2,0,0,0,0,0,0,0,0,0,1,1,0,5
AGTACGGGCACCTGGC.1,1,0,0,0,0,0,0,0,0,0,0,0,0,3,0,4
TGCATGTGGTAATCTA.1,1,0,0,4,0,0,0,0,0,0,0,0,0,0,0,5
TCGCTGGGCGGATTGT.1,1,0,0,1,0,3,0,0,0,0,0,0,0,0,0,5
ACGGAGCGCAAATTAC.1,1,1,1,2,0,0,0,0,0,0,0,1,0,0,0,6
GAAGTTTCCACTCAAT.1,3,0,2,0,0,0,0,0,0,0,0,0,0,0,0,5
CCTCGCCAGCAAATTA.1,3,1,1,0,0,0,0,0,0,0,0,0,0,0,0,5
CGTTCTTCGCACACCT.1,1,0,0,1,0,0,0,0,0,0,0,3,0,0,0,5
ATTACTTACTGGGCAT.1,1,1,0,2,0,0,0,0,0,0,0,0,0,0,0,4
GGGAGAACTCACAGTA.1,1,0,3,1,0,0,0,0,0,0,0,0,0,0,0,5
GCCAGGAGTAACCGAT.1,1,1,0,1,0,0,0,0,0,0,2,0,0,0,0,5
CGCAATTAGGGTAATA.1,1,0,0,0,0,0,0,0,0,0,0,0,4,0,0,5
GGCGCATGAATTGATG.1,2,1,0,1,0,0,0,0,0,0,2,0,0,0,0,6
TAAGGCAACATAAGAT.1,1,0,0,0,0,0,0,0,1,0,0,0,0,3,0,5
CATAGTCCACAAGAAC.1,1,1,0,0,0,0,0,0,3,0,0,0,0,0,0,5
AGAACGTGGTACATTC.1,2,1,1,0,0,0,0,0,0,0,0,1,0,0,0,5
TATATTACAAATGTCG.1,1,0,0,0,0,0,0,0,0,0,0,0,4,0,0,5
AGTGATATGAGTAGTT.1,1,0,0,0,0,1,0,1,1,0,0,0,0,1,0,5
CGTGCATTGTCGACGC.1,1,0,0,2,0,0,0,0,2,0,0,0,0,0,0,5
CGAGAGATGTGAACCT.1,1,0,0,1,0,1,0,0,0,0,0,0,0,2,0,5
CCGTGTTAAATTCCAT.1,1,2,0,0,0,0,0,0,1,0,0,0,0,0,0,4
TAAGTAACATCTTGAC.1,1,1,0,0,0,0,0,0,1,0,0,0,0,2,0,5
TGGGCCACAAGAGCGC.1,1,1,0,0,0,0,0,0,3,0,0,0,0,0,0,5
ACGCGGGCCAAGGACA.1,1,0,0,0,0,2,0,2,0,0,1,0,0,0,0,6
CTCACTTGGCTGGTAA.1,1,0,2,1,0,0,0,0,0,0,0,0,1,0,0,5
TCTTACCGGAACTCGT.1,1,0,0,0,0,0,0,0,0,0,2,2,0,0,0,5
ACGTTAGATTTGCCCG.1,1,0,0,0,0,0,0,0,2,0,2,0,0,0,0,5
TAGGCATGTTACGCCA.1,1,0,1,1,0,0,0,0,0,0,0,1,0,1,0,5
GCCGCTTGTGAGAAAC.1,1,1,0,0,0,0,0,0,0,0,2,0,0,1,0,5
GAAATTGTCTCTATAA.1,2,0,0,0,0,0,2,2,0,0,0,0,0,0,0,6
AACGCGGTCTCCAGCC.1,1,0,0,2,0,0,0,0,0,0,0,0,2,0,0,5
GGTCGGATAAACGGCG.1,1,1,0,0,0,0,0,0,0,0,0,0,1,2,0,5
GAAATATGCTTGAATG.1,1,0,1,1,0,0,0,0,0,0,0,0,2,0,0,5
CCCGTAAGTCTAGGCC.1,1,1,0,0,0,0,0,0,0,0,0,0,0,2,0,4
GTATTCTGAGAAACGA.1,1,2,0,0,0,0,0,0,0,0,0,0,2,0,0,5
ACGCATTCGTGAGTAC.1,1,0,0,0,0,3,0,0,0,0,1,0,0,0,0,5
GATCATTCCAAACATT.1,1,0,0,0,0,0,0,1,0,0,0,1,0,2,0,5
CCCAATTTCACAACTT.1,1,3,0,0,0,0,0,1,0,0,0,0,0,0,0,5
CCGCGGAATGCGTCAC.1,2,1,1,0,0,0,0,0,0,0,0,0,0,0,0,4
GATATGCGGTAGCCAA.1,1,1,0,1,0,0,0,1,0,0,0,0,1,0,0,5
TAGTCTAACAACGAGA.1,1,1,0,0,0,0,0,0,2,0,1,0,0,0,0,5
GCAAATATTACGCTTT.1,2,0,1,2,0,0,0,0,0,0,0,0,0,0,0,5
CGGAACGTAAACATAG.1,2,1,1,1,0,0,0,0,0,0,0,0,0,0,0,5
ACACGGGAACTTAGGG.1,2,2,0,1,0,0,0,0,0,0,0,0,0,0,0,5
GCCACAATTTAAGGAC.1,1,0,0,0,0,0,0,0,0,0,4,0,0,0,0,5
CGCCTGGCCTACGTAA.1,1,0,0,1,0,0,0,0,2,0,0,0,0,1,0,5
TATGCTCCCTACTTAC.1,1,0,0,1,0,1,0,0,0,0,0,1,0,1,0,5
AGGGCTGCAGTTACAG.1,1,0,0,3,0,0,1,0,0,0,0,0,0,0,0,5
AAGGGACAGATTCTGT.1,1,0,0,0,0,0,0,0,0,0,0,0,0,3,0,4
ATGATGCAATGGTACA.1,1,2,0,1,0,0,0,2,0,0,0,0,0,0,0,6
TAATCGATCCGTACGT.1,1,0,1,0,0,3,0,0,0,0,0,0,0,0,0,5
AATTCATAAGGGATCT.1,1,0,0,0,0,1,0,0,0,0,0,1,0,2,0,5
TCCACAATGGTTTACG.1,1,0,0,0,0,2,0,0,0,0,0,0,1,0,0,4
CGGGCCTTCTTTGTAA.1,1,2,0,1,0,0,1,0,0,0,0,0,0,0,0,5
GTAATCTGATTCTTCG.1,1,0,0,0,0,0,0,0,3,0,0,0,1,0,0,5
AAATCGTGTACCACAA.1,1,1,0,0,0,0,0,2,1,0,0,0,0,0,0,5
GGCTATTAAGTTGTAT.1,1,0,0,0,0,0,0,0,0,0,0,0,1,2,0,4
GGTCTGAGAATCTGGA.1,1,0,0,0,0,4,0,0,0,0,0,0,0,0,0,5
TCAAACTTAGATTGTT.1,1,0,0,0,0,1,0,0,0,0,0,0,0,0,3,5
AACCAAGACTTCTCTG.1,2,1,1,0,0,0,0,0,0,0,0,0,0,0,0,4
AGGCAGATGCGTAAAC.1,1,0,1,0,0,0,0,2,0,0,0,0,1,0,0,5
TACCAGAAGTAGGTTC.1,1,2,1,0,0,0,0,0,0,0,0,1,0,0,0,5
GTGACTTCAGTAGTGC.1,1,0,0,0,0,3,1,0,0,0,0,0,0,0,0,5
TAGTCCGCAGAGAATG.1,1,0,0,0,0,4,0,0,0,0,0,0,0,0,0,5
TGCAATTTGGGCACGG.1,1,4,0,0,0,0,0,0,0,0,0,0,0,0,0,5
CACGCAGCGAGGCTTT.1,1,2,0,1,0,0,0,0,0,0,0,1,0,0,0,5
TTGGATATCGTCTACG.1,1,0,0,1,0,0,0,1,0,0,0,2,0,0,0,5
CTTAGCCTTCCACATG.1,2,0,0,0,0,0,0,1,0,0,0,0,0,2,0,5
CGATCCGACCCAGTGC.1,1,0,1,2,0,0,0,0,0,0,0,0,1,0,0,5
TCCCGGGTGTGCTGCT.1,1,1,0,0,0,0,0,0,0,0,0,0,1,2,0,5
GTTGAACCGGTTCCAT.1,1,1,0,1,0,0,0,0,0,0,1,0,0,1,0,5
TCCGATGACTGAGCTC.1,1,0,0,0,0,0,0,0,0,0,0,0,0,4,0,5
TGTACGAACAAATCCG.1,1,1,0,0,0,0,0,0,0,2,2,0,0,0,0,6
CCTGTACTCACGCCCA.1,1,0,0,0,0,0,0,0,4,0,0,0,0,0,0,5
ATATTCAGTTAAACCT.1,1,1,0,2,0,0,0,0,0,0,1,0,0,0,0,5
AAGTTCGGCCAACAGG.1,1,1,0,0,0,0,0,0,0,0,1,0,0,2,0,5
TGATTCTGTCGCCGGT.1,1,1,1,2,0,0,0,0,0,0,0,0,0,0,0,5
CACAAGAAAGATATTA.1,1,4,0,1,0,0,0,0,0,0,0,0,0,0,0,6
GCCTATGCTGGGCCTT.1,1,0,1,0,0,0,0,0,0,0,0,3,0,0,0,5
TCTAGCAATCTCCGCC.1,1,2,0,0,1,0,0,0,1,0,0,0,0,0,0,5
CGGGATCAATGTAAGA.1,1,0,1,2,0,0,0,0,1,0,0,0,0,0,0,5
TATTTATACCGAGTAG.1,1,2,0,0,0,0,0,0,0,0,0,0,0,0,0,3
ATTCGACGCCGGGCCT.1,0,4,0,0,0,0,0,0,0,0,0,0,0,0,0,4
TACCGGTCGTTTCCAT.1,0,1,0,0,0,0,0,0,2,0,0,0,0,2,0,5
TGTTGTCAAGAAGTCT.1,0,1,1,2,0,0,0,0,0,0,1,0,0,0,0,5
TCCGTTTAGCCTTGAA.1,0,1,0,0,0,3,0,0,0,0,0,0,0,0,0,4
CCTGTCGCCCGTAAAT.1,0,1,0,1,0,0,3,0,0,0,0,0,0,0,0,5
TTGGACATGTGGCTTA.1,0,3,0,0,0,0,0,0,0,0,1,0,0,0,0,4
GGGAACGGGAGGTTAG.1,0,2,0,1,0,0,0,0,0,0,0,0,0,0,2,5
TTCTTGAGCCGCGCTA.1,0,1,0,0,0,0,0,0,0,0,1,0,0,3,0,5
AGATCGTGCATAAGAT.1,0,1,0,0,0,0,0,0,0,0,1,2,0,1,0,5
CTAGTGAAGGACAGGA.1,0,1,0,0,0,0,0,0,0,0,2,0,0,2,0,5
CTTTAACTTTCAAAGG.1,0,2,0,0,0,0,0,0,0,0,0,0,3,0,0,5
GCCCGTAATACCTTCT.1,0,1,3,1,0,0,0,0,0,0,0,0,0,0,0,5
TCCTAGCAAAGAAGCT.1,0,1,0,0,0,4,0,0,0,0,1,0,0,0,0,6
AGATGAGGGTTGCGAT.1,0,1,0,0,0,0,0,0,2,0,0,0,2,0,0,5
CGCTTATTCCCGGTCG.1,0,1,0,0,1,0,0,0,2,0,0,0,1,0,0,5
TACTGCAATCAATTAC.1,0,2,1,0,0,0,0,0,0,0,2,0,0,0,0,5
ATAGGTTGGGCAGATG.1,0,2,2,1,0,0,0,0,0,0,0,0,0,0,0,5
CTACGACTAGCTATAA.1,0,1,0,0,0,0,0,0,1,0,0,0,1,0,1,4
TTGCCCTGATCACGGG.1,0,1,0,0,0,1,1,0,1,0,0,0,0,1,0,5
CTGAATCCGAGACCTC.1,0,2,0,0,0,2,1,0,0,0,0,0,0,0,0,5
GCAACCACGGCCGCGT.1,0,4,0,0,0,0,0,0,0,0,0,0,1,0,0,5
GGTTTACAATCTCAAT.1,0,5,0,0,0,0,0,0,0,0,0,0,0,0,0,5
CCCAACATACGTCGCG.1,0,2,0,0,0,0,0,1,0,0,1,0,1,0,0,5
AATAACAACGCTCGGC.1,0,4,0,1,0,0,0,0,0,0,0,0,0,0,0,5
ATATTTAACCCTCAAG.1,0,2,1,0,0,2,0,0,0,0,0,0,0,0,0,5
GAATTCACCCGGGTGT.1,0,2,0,2,0,0,0,2,0,0,0,0,0,0,0,6
CCGGGTTCGAGGTTAC.1,0,3,0,1,0,0,0,0,0,0,1,0,0,0,0,5
CATATACTACTGATAA.1,0,1,0,0,0,0,0,0,0,0,0,0,0,4,0,5
TATGATCCGGCACGCC.1,0,4,0,0,0,0,0,0,0,0,0,0,0,0,0,4
ACATCGGTCAGCCGCG.1,0,4,0,1,0,0,0,0,0,0,0,0,0,0,0,5
TCGCCGAAGTTGCGTC.1,0,4,0,1,0,0,0,0,0,0,0,0,0,0,0,5
CTATAAGAGCCAATCG.1,0,1,0,0,0,1,0,2,0,0,0,0,0,0,0,4
TTCCACACAGATTTGA.1,0,1,0,0,0,0,0,0,0,0,0,0,1,3,0,5
TACTCTCCGAACAAAT.1,0,1,0,0,0,0,0,0,2,0,0,0,3,0,0,6
GGGCGGCAAATGAATT.1,0,1,0,0,0,0,0,0,0,0,0,1,3,0,0,5
GTGATCATAGATCTGC.1,0,2,0,0,0,1,0,1,0,0,0,0,0,0,0,4
GCAGGTAGAGTATGGT.1,0,1,1,1,0,0,0,0,2,0,0,0,0,0,0,5
CCCTGCGCTACGCATA.1,0,1,0,0,0,0,0,0,0,0,0,0,0,0,2,3
TGGAAGAAGGGAACGT.1,0,2,0,0,0,0,0,1,0,0,0,0,2,0,0,5
CCGTTACGTTAGAACA.1,0,1,0,0,0,1,0,1,0,0,0,0,2,0,0,5
CACCGCCAGAAGGTTT.1,0,3,0,0,0,0,0,0,0,0,1,1,0,0,0,5
TGGCAGATTACGATCA.1,0,4,0,0,0,0,0,0,0,0,0,0,0,0,0,4
GTGGTTTCCGCCTTTC.1,0,3,1,0,0,0,0,0,0,0,0,1,0,0,0,5
AGCTAGAAGCAGAAGT.1,0,1,0,0,0,0,0,0,0,0,0,1,0,3,0,5
CTAACTGGTCCGGTTC.1,0,2,0,0,0,1,0,0,0,0,0,0,0,0,0,3
ACGCGCTACACAGGGT.1,0,2,0,0,0,0,0,0,0,0,0,0,1,2,0,5
CCAACGATGCACTGAT.1,0,2,0,0,0,0,0,0,0,0,0,0,1,0,1,4
CACAGCTAGGGAGTGA.1,0,4,0,0,0,0,0,0,0,0,0,0,0,0,0,4
AGTGTATTGCGCATTG.1,0,1,1,0,0,0,0,0,0,0,0,0,1,2,0,5
AGGCGTCTATGGACGG.1,0,1,0,0,0,0,0,1,1,0,0,0,2,1,0,6
GTCATGGACATGACTA.1,0,2,0,0,0,0,0,0,0,0,0,0,0,3,0,5
AATTTGGGACATAGTA.1,0,2,1,0,0,0,0,0,0,0,0,0,0,0,0,3
CCCTTTGACAGGTCTT.1,0,1,0,3,0,0,0,0,0,0,1,0,0,0,0,5
TGAGCTTTAATGACGC.1,0,2,0,0,0,0,0,0,0,0,0,0,3,0,0,5
TCAGTAGGGACTATAA.1,0,1,0,0,0,0,2,1,1,0,0,0,0,0,0,5
CCAGCCTGGACCAATA.1,0,2,0,0,1,0,0,0,0,0,0,0,0,0,0,3
TACGATGTTGATCATC.1,0,1,0,0,0,0,0,0,0,0,0,0,0,3,0,4
ACACTGATCAAGGTGT.1,0,1,0,0,0,0,0,0,0,0,0,0,0,0,3,4
TTGCGTCGGCCAACCG.1,0,1,0,0,0,0,0,0,2,0,0,0,0,0,0,3
GCCCGCGCGTAAACGG.1,0,1,0,0,0,0,0,0,0,0,0,0,4,0,0,5
TGATTCGTCTATCACT.1,0,1,0,0,0,0,0,0,0,0,0,0,1,2,0,4
GAGTCCGCTTACCGGA.1,0,3,0,0,0,0,0,1,0,0,0,0,0,0,0,4
GGTGCAGAGCCTATCG.1,0,3,0,0,0,0,0,0,2,0,0,0,0,0,0,5
CATTTAGCGGACCATG.1,0,1,3,1,0,0,0,0,0,0,0,0,0,0,0,5
GTGAAACGGCGCCACC.1,0,1,0,1,0,2,0,0,0,0,0,1,0,0,0,5
TGATTTATTAGCTGTG.1,0,3,0,0,2,0,0,0,0,0,0,0,0,0,0,5
GATACGATGGGAGTCA.1,0,1,0,2,0,0,0,0,0,0,0,2,0,0,0,5
TCCTGGCGCTGCCTGG.1,0,1,0,2,0,0,0,0,2,0,0,0,0,0,0,5
CTGCGTTACGATATAA.1,0,2,0,0,0,0,0,0,2,0,0,0,1,0,0,5
TGCGAGAATATTACCC.1,0,1,0,0,0,0,0,0,4,0,0,0,0,0,0,5
GCGGTGAACTGCGCTC.1,0,1,1,0,0,0,0,0,0,0,0,3,0,0,0,5
GCTCTATGTTACGTGC.1,0,1,0,0,0,0,0,0,4,0,0,0,0,0,0,5
AACATCGATACGTCTA.1,0,2,1,0,0,0,0,1,0,0,0,2,0,0,0,6
CTAGTTGGGCCCGGTA.1,0,1,1,0,0,0,0,0,0,0,0,1,0,2,0,5
TCTGGGTAGCGCTCAT.1,0,1,1,2,1,0,0,0,0,0,0,0,0,0,0,5
CGTGTCCCATTCGCGA.1,0,1,0,0,0,0,0,1,0,0,0,0,1,0,0,3
TCCCAAACAGACAACG.1,0,1,0,0,0,0,0,1,3,0,0,0,0,0,0,5
ACCGACTGAGTCCCAC.1,0,1,0,2,0,0,0,0,1,0,0,1,0,0,0,5
TCAACGCGACCGGCAG.1,0,2,0,0,0,0,0,0,0,0,0,0,0,0,2,4
TCTACCGTCCACAAGC.1,0,2,0,1,0,0,0,0,0,0,0,0,2,0,0,5
AATGATGATACGCTAT.1,0,1,0,1,0,0,0,0,0,0,1,0,1,1,0,5
GCAAGAATTCCTTGGC.1,0,2,0,3,0,0,0,0,0,0,0,0,0,0,0,5
TGTATAACAGATCCTG.1,0,2,0,0,0,1,0,1,1,0,0,0,0,0,0,5
TCTTGATGCGTAGCGA.1,0,2,0,0,0,2,0,1,0,0,0,0,0,0,0,5
AACGTACTGTGGGTAC.1,0,1,0,0,0,1,0,0,0,0,1,0,1,0,1,5
ATCCTGAATCGCTGCG.1,0,1,0,1,0,0,0,0,0,0,0,0,0,0,2,4
GTGCGGGTCTCCAAAT.1,0,3,0,0,0,0,0,0,0,0,0,0,0,0,1,4
CACGTCGGCAACCTCT.1,0,2,1,0,0,0,0,0,0,0,0,1,0,0,0,4
GCAGCACACAGCCCAG.1,0,2,0,1,0,0,0,0,0,0,0,0,0,2,0,5
CACCTTGCGAAACTCG.1,0,1,0,0,0,0,0,0,0,0,2,2,0,0,0,5
TGCGAGCCCTTCCGCG.1,0,2,0,0,0,0,0,0,2,0,0,0,0,0,0,4
TGAGCCATACAGTCTC.1,0,1,0,0,0,0,0,0,0,0,3,0,1,0,0,5
CGCGCATGTTTGATTG.1,0,1,1,1,0,0,0,0,0,0,1,1,0,0,0,5
CCTGTAAGACATGATA.1,0,1,2,1,0,0,0,0,0,0,0,0,0,1,0,5
ATAGTGAAGCGTTCTC.1,0,1,1,0,0,0,0,0,0,0,0,0,0,0,2,4
AAAGGGATGTAGCAAG.1,0,1,0,0,0,0,0,0,0,0,0,0,3,1,0,5
AGAATGCGGGTTCGGA.1,0,1,1,0,0,0,0,0,4,0,0,0,0,0,0,6
CCAATGTCACAGCAAG.1,0,2,1,0,0,1,0,0,0,0,1,0,0,0,0,5
TTCCGGCTCGACTTCT.1,0,1,0,0,0,0,0,0,4,0,0,0,0,0,0,5
TCCCTTAGATTACTCG.1,0,2,0,0,0,0,0,0,0,0,0,0,3,0,0,5
TGCGAGATGGCGGCCA.1,0,1,0,0,0,0,0,0,0,0,0,0,1,0,2,4
AGTGCGTAGCTCGTAA.1,0,1,0,0,0,2,0,0,0,0,0,0,0,2,0,5
GAGAGGGCGCGAGGTT.1,0,3,0,0,0,0,0,0,0,0,0,0,0,2,0,5
TTACTGTCTAGAGCTC.1,0,2,0,0,0,1,0,0,0,0,0,0,0,1,0,4
ACCATATCCGCAATAA.1,0,2,0,0,0,1,0,3,0,0,0,0,0,0,0,6
TAGATATGGACTGGAA.1,0,1,0,4,0,0,0,0,0,0,0,0,0,0,0,5
ATTCCTAAGACGTGGA.1,0,1,0,0,0,0,0,0,0,0,0,0,4,0,0,5
TACGTTTACCGGCAAT.1,0,3,0,0,0,0,0,1,1,0,0,0,0,0,0,5
CAGTACATTCTCTAAA.1,0,1,0,3,0,0,0,0,0,0,0,1,0,0,0,5
AGTGACCTACTTTACG.1,0,2,0,0,0,0,0,3,0,0,0,0,0,0,0,5
GCGTTCGGAGACCGGG.1,0,1,0,0,0,0,0,0,0,0,1,0,0,0,3,5
TACATAGGCATACACC.1,0,1,0,0,0,0,0,0,0,0,0,0,0,0,3,4
TCGGTGACCGCTCCGG.1,0,1,0,0,0,0,0,0,0,0,0,0,3,1,0,5
TTGAAAGGTGTAAAGG.1,0,1,0,0,0,0,0,0,5,0,0,0,0,0,0,6
GCAACCACCAGACCGG.1,0,2,0,3,0,0,0,0,0,0,0,0,0,0,0,5
TACGCCATATTCTAAT.1,0,1,0,0,0,0,0,0,0,0,0,0,0,0,2,3
TCGTTAGGAGTCCCTA.1,0,2,0,1,0,0,0,0,0,0,1,0,0,1,0,5
TCCCGCGTACTCCTGG.1,0,1,1,1,0,0,0,0,0,0,1,0,0,0,0,4
CTTCGTAGATAGGTGA.1,0,2,0,0,0,1,0,0,0,0,2,0,0,0,0,5
CTGCTGAGGCCACGAA.1,0,2,1,0,0,0,0,2,0,0,0,0,0,0,0,5
CGAAACGCAATTCATG.1,0,2,0,0,0,0,0,2,0,0,0,0,0,1,0,5
CGAAGTTGCTCTGTGT.1,0,2,0,0,0,0,0,0,0,0,0,0,3,0,0,5
GTAAGTAGGGTATACC.1,0,1,0,0,0,0,0,0,0,0,0,0,0,0,2,3
AACGGCCATCTCCGGT.1,0,1,0,0,0,0,0,0,0,0,0,0,1,2,0,4
ATCCAATGGAGGGTCC.1,0,1,0,0,0,0,0,1,2,0,0,0,1,0,0,5
ATAAAGGCTCGGTCGT.1,0,2,0,2,0,1,0,0,0,0,0,0,0,0,0,5
CCTAACTAAGGCTCTA.1,0,1,3,1,0,0,0,0,0,0,0,0,0,0,0,5
CACTTAATCAGACGGA.1,0,1,1,0,0,0,0,0,0,0,0,0,0,3,0,5
AGGTCGCGGAGTTACT.1,0,1,0,1,0,0,2,0,0,0,0,0,0,0,0,4
ACGATGCATATGTTAT.1,0,1,3,1,0,0,0,0,0,0,0,0,0,0,0,5
TTGCACAATTCAGAAA.1,0,1,0,1,0,0,0,0,0,0,0,0,0,0,2,4
CGTCACGTCCATTGGT.1,0,2,1,0,0,0,2,0,0,0,0,0,0,0,0,5
CATTATGCTTGTTGTG.1,0,3,0,0,0,0,0,0,0,0,0,0,1,0,0,4
TCGTAAGCTCCGAGGA.1,0,1,1,0,0,0,0,0,0,0,0,0,3,0,0,5
ACTATATGCTGTGTTC.1,0,1,0,0,0,0,0,0,4,0,0,0,0,0,0,5
TTCCAATCTGGCTATC.1,0,3,0,0,0,0,0,0,0,0,0,0,1,0,0,4
AATGCACCAAGCAATG.1,0,1,0,1,0,0,0,0,0,0,0,2,0,1,0,5
AGCTGAAGTAAACCAA.1,0,1,0,0,0,0,0,0,0,0,0,0,3,0,1,5
ACGTAGATTGCTGATG.1,0,4,0,1,0,0,0,0,0,0,0,0,0,0,0,5
CATTGCGGGTCAATTC.1,0,1,0,0,0,0,0,0,0,0,0,0,0,0,3,4
GCGACGATAGTTGTAC.1,0,2,0,0,0,1,0,0,0,0,2,0,0,0,0,5
ATTACGCGCTGGCAGG.1,0,1,0,1,0,0,0,1,0,0,0,0,2,0,0,5
CATCGGACGGGTTAAT.1,0,1,0,2,0,0,0,0,0,0,0,0,0,0,0,3
CACGAAAGTTAGTCCC.1,0,1,0,0,0,1,0,0,1,0,0,0,0,1,0,4
CGCTATTCTTAGGCTC.1,0,1,0,0,0,0,0,0,0,0,2,0,0,0,0,3
TCAAACAACCGCGTCG.1,0,1,0,0,0,0,0,0,0,0,1,0,2,1,0,5
TTGGTCACACTCGTAA.1,0,2,0,1,0,0,0,0,0,0,2,0,0,0,0,5
CAAATGTCCTTCCGTG.1,0,1,0,1,0,0,0,4,0,0,0,0,0,0,0,6
CCCTGAAATGAGTTGA.1,0,1,0,0,0,0,0,0,3,0,0,0,1,0,0,5
ATCACGTGCTAATTAA.1,0,2,0,0,0,0,0,0,0,0,0,0,1,2,0,5
CCGTATTAGCGCAGTT.1,0,1,0,0,0,0,0,0,1,0,0,0,3,0,0,5
CCACGAGAAGAGAATC.1,0,1,0,0,0,0,0,0,3,0,0,0,0,0,0,4
TTCCGCAGAGAAATAT.1,0,1,0,1,0,0,0,0,0,0,0,1,0,2,0,5
CCAAGAAAGTGGGCGA.1,0,1,1,0,0,0,0,1,0,0,0,0,2,0,0,5
GCTCTAAACCCTGACG.1,0,1,0,0,0,0,0,0,0,0,0,0,0,4,0,5
GTTTGACCAAATCCTA.1,0,1,1,2,0,0,0,0,0,0,0,0,0,1,0,5
TAGTCTGTGACGTTGC.1,0,1,0,0,0,3,0,0,0,0,0,0,0,0,0,4
TGGGATGCACTCATTC.1,0,1,0,0,0,0,0,0,0,0,0,0,0,0,2,3
GTGATTCGCCGCTCAA.1,0,1,1,0,0,0,0,0,0,0,0,0,0,3,0,5
TATTCCTCCGCCCACT.1,0,1,0,0,0,0,0,0,0,0,0,0,0,0,3,4
CCACCAACTTTACTGT.1,0,1,0,2,0,0,0,0,0,0,0,0,0,0,0,3
GTTGGATTTGCGTTGG.1,0,1,0,0,0,4,0,0,0,0,0,0,0,0,0,5
ATCAGACGGCACGCCG.1,0,1,0,2,0,2,0,0,0,0,0,0,0,0,0,5
CACAATGAGCTGCTAT.1,0,1,1,0,0,0,0,3,0,0,0,0,0,0,0,5
ATCCTACCTAAGCTCT.1,0,2,0,0,0,3,0,0,0,0,0,0,0,0,0,5
AGTTTGGCCAGACCTA.1,0,1,0,0,0,0,0,0,0,0,0,0,0,0,4,5
TTGCATGCTGATCACG.1,0,1,1,0,0,0,0,0,3,0,0,0,0,0,0,5
GACGCTTGCTTCTAAA.1,0,1,0,0,0,0,0,0,0,0,0,1,2,1,0,5
CGGTTGACCTGGCATA.1,0,1,0,0,0,0,0,0,4,0,0,0,0,0,0,5
CATTTGAGTGGTACGT.1,0,1,0,0,0,0,0,0,0,0,0,0,2,1,0,4
TTGACTACCATATGGT.1,0,1,2,2,0,0,0,0,0,0,0,0,0,0,0,5
GTTACAATTGGTGACG.1,0,1,0,0,0,0,0,1,0,0,0,0,0,2,0,4
ACAATTTGAGCAGTGG.1,0,1,0,0,0,3,0,1,0,0,0,0,0,0,0,5
CGGTGAAGACTAAAGT.1,0,1,0,0,0,0,0,0,0,0,0,0,0,0,2,3
GCTGTATTACTGGCCC.1,0,1,0,0,0,0,0,0,0,0,0,0,1,3,0,5
GCGCTATGCCGAGGCA.1,0,1,1,0,0,2,0,0,0,0,1,0,0,0,0,5
CGTTAGCTCACAACTG.1,0,1,0,0,0,0,0,0,0,0,0,0,0,4,0,5
GGATCATCCCGTACGC.1,0,1,0,0,0,0,0,0,0,0,0,0,4,0,0,5
GCGAGGCCCGAGCAGA.1,0,1,0,0,0,2,0,2,0,0,0,0,0,1,0,6
CTCGATATTTGCGAGC.1,0,1,0,0,0,0,0,0,0,0,0,0,0,3,0,4
TGGCCGTATATTGACC.1,0,1,0,0,0,0,0,0,0,0,0,0,0,0,3,4
GTTTCCTGGAGGGTGA.1,0,1,1,0,0,0,0,0,1,0,0,0,1,0,0,4
AATGACTGTCAGCCGG.1,0,1,0,0,0,0,0,0,4,0,0,0,0,0,0,5
TTCCAATCAGAGCTAG.1,0,1,0,1,0,0,0,0,0,0,1,0,1,0,0,4
CGGGCAGCTAAACCGC.1,0,1,0,3,0,1,0,0,0,0,0,0,0,0,0,5
TCACTCGTGCAACGGC.1,0,1,0,0,0,0,0,1,2,0,0,0,1,0,0,5
CGCCATCCGATTATGA.1,0,1,0,2,0,0,0,0,0,0,0,2,0,0,0,5
GGAAAGTGCCCATGCC.1,0,1,0,0,0,0,0,1,0,0,0,3,0,0,0,5
CTGGGCCTGCTATATC.1,0,1,0,0,0,0,0,0,0,0,0,0,4,0,0,5
CTCTCACAATCGATGA.1,0,1,0,0,0,2,0,2,0,0,0,0,0,0,0,5
ATCGCTGCGTGCAGCA.1,0,1,0,0,0,3,1,0,0,0,0,0,0,0,0,5
GCCGAAATTCCTACGT.1,0,1,1,0,0,0,0,0,0,0,1,0,0,2,0,5
CCGACGTAAACACAAC.1,0,1,0,0,0,0,0,0,4,0,0,0,0,0,0,5
GGGCGTCCACTGGCTC.1,0,1,0,0,0,0,2,0,0,0,0,0,1,0,0,4
CGTATTAAGAGATCTA.1,0,0,5,0,0,0,0,0,0,0,0,0,0,0,0,5
CGAGGCTAAATATGGC.1,0,0,1,1,0,0,0,0,0,0,0,0,0,3,0,5
TCTTCGATACCAATAA.1,0,0,1,0,0,4,0,0,0,0,0,0,0,0,0,5
GACCGTGCTGACGGTG.1,0,0,1,0,0,1,0,3,0,0,0,0,0,0,0,5
ATAGGCTAGCTTCGCA.1,0,0,1,0,0,3,0,0,0,0,0,0,0,1,0,5
TACGACGCTTGCTGCG.1,0,0,1,0,0,3,0,1,0,0,0,0,0,0,0,5
CAGTAACTATTTATTG.1,0,0,1,1,0,0,0,0,0,0,0,3,0,0,0,5
CCAATTACGGGTCGAG.1,0,0,1,0,0,0,0,0,0,0,0,0,2,2,0,5
GGGCTGGTTAGTCGCG.1,0,0,1,0,0,0,0,0,0,0,0,4,0,0,0,5
TCCAGGCGAGTACGGT.1,0,0,2,0,0,1,0,0,0,0,0,2,0,0,0,5
AGGTAGGTACAAAGCT.1,0,0,1,0,0,0,0,0,0,0,0,0,2,2,0,5
TCACGCATTGTAGATC.1,0,0,5,0,0,0,0,0,0,0,0,0,0,0,0,5
TATGGGACCGAGCAGG.1,0,0,3,0,0,1,0,0,0,0,0,0,0,1,0,5
CGAGTTCTGTCCCACC.1,0,0,3,0,0,0,0,0,0,0,0,0,1,1,0,5
TATCGATCTATGCATA.1,0,0,2,0,0,0,0,0,0,0,0,3,0,0,0,5
AGTTAAACACTTGCGA.1,0,0,2,4,0,0,0,0,0,0,0,0,0,0,0,6
ATCGCACGCCGGGAGA.1,0,0,2,2,0,0,0,0,0,0,0,0,0,1,0,5
ACCAAACACCCAGCGA.1,0,0,1,0,0,0,0,0,0,0,0,5,0,0,0,6
CTCGAGGTCGAACAGT.1,0,0,2,0,0,1,0,1,0,0,1,0,0,0,0,5
AAATGGTCAATGTGCC.1,0,0,1,0,0,0,0,1,2,0,0,1,0,0,0,5
CTTGTGCTCACCGATT.1,0,0,2,1,0,0,0,0,0,0,1,0,0,0,0,4
CCTATGGGTTACCGTC.1,0,0,4,1,0,0,0,0,0,0,0,0,0,0,0,5
TAGAGTCTAAGCGAAC.1,0,0,1,0,0,0,0,0,0,0,2,1,0,1,0,5
ACCCATCTTGAGGGTA.1,0,0,1,0,0,0,0,0,0,0,0,2,0,2,0,5
TTACAGACCTAAATGA.1,0,0,1,0,0,2,0,0,0,0,1,0,0,0,0,4
TTGATCTAACTTTGTC.1,0,0,1,3,0,0,0,0,0,0,0,1,0,0,0,5
GTTACTTTGGGCCTAG.1,0,0,1,0,0,0,0,2,0,0,0,1,1,0,0,5
GATGACGATGATCGCG.1,0,0,6,0,0,0,0,0,0,0,0,0,0,0,0,6
GCGCATCCAGTCAGCA.1,0,0,1,1,0,0,0,0,0,0,0,0,0,0,0,2
GATTCCCTTGTCGCAG.1,0,0,1,0,0,0,0,1,0,0,0,2,0,0,1,5
ATCAGTAGGCAGGGAT.1,0,0,3,1,0,0,1,0,0,0,0,0,0,0,0,5
GGAGCACCAAGAACTA.1,0,0,3,0,0,0,0,0,0,0,0,0,0,2,0,5
CATGGTCTAGATACCG.1,0,0,1,0,0,0,0,0,0,0,0,1,1,2,0,5
GTGTACCTTGGCTACG.1,0,0,2,0,0,0,0,0,0,0,0,0,0,3,0,5
AGCGCGGGTGCCAATG.1,0,0,2,1,0,0,0,0,2,0,0,0,0,0,0,5
CACAGCACCCACGGCA.1,0,0,1,0,0,0,0,0,0,0,0,0,0,4,0,5
ATCGGCAAGCAGTCCA.1,0,0,4,1,0,0,0,0,0,0,0,0,0,0,0,5
AGATAACTTCAGGGCC.1,0,0,4,0,0,0,0,0,0,0,0,0,1,0,0,5
GAAATGGCGGTGTTAG.1,0,0,1,1,0,0,0,0,0,0,0,2,0,1,0,5
GACCAGAGCCCTGTAG.1,0,0,5,0,0,0,0,0,0,0,0,0,0,0,0,5
TTGGGACACTGCCCGC.1,0,0,1,1,0,0,0,0,0,0,0,3,0,0,0,5
TTGTAATCCGTACTCG.1,0,0,2,2,1,0,0,0,0,0,0,0,0,0,0,5
GTGAGTGGTACAACGC.1,0,0,1,0,0,4,0,0,0,0,0,0,0,0,0,5
TGTTCTTCCATTGACT.1,0,0,4,1,0,0,0,0,0,0,0,0,0,0,0,5
CGACTCAGGATGTTAT.1,0,0,1,1,0,0,0,0,0,0,0,3,0,0,0,5
TCCTTTCTTACGCTTA.1,0,0,2,0,0,0,0,1,0,0,0,0,0,2,0,5
TAACTCATCCGCGCGG.1,0,0,2,2,0,0,0,1,0,0,0,0,0,0,0,5
CAGCAGCCCGTTCCTT.1,0,0,2,0,0,1,0,0,0,0,1,0,0,1,0,5
TTGTAAGGCCAGTTGG.1,0,0,1,0,0,0,0,0,0,0,0,0,0,4,0,5
GGCAATAGTCAATGAG.1,0,0,1,0,0,0,0,1,0,0,3,0,0,0,0,5
CCAATAGTGCCGTCGA.1,0,0,1,0,0,0,0,0,0,0,0,0,0,4,0,5
GATTACTGAATTTGGG.1,0,0,2,1,0,0,0,0,0,0,0,1,0,1,0,5
CGGTCAAGTGGGAACC.1,0,0,1,0,0,1,0,0,0,0,0,0,0,3,0,5
AACCGAGCTTGGTCAT.1,0,0,2,0,0,1,0,0,0,0,0,0,0,2,0,5
TGCGACACCCTAGTGC.1,0,0,1,0,0,0,0,0,0,0,1,2,0,0,0,4
GGAAACCTTGTTGAAT.1,0,0,2,1,0,0,0,0,0,0,0,2,0,0,0,5
GATCTTTGCAGGGTAT.1,0,0,1,0,0,0,0,1,0,0,0,0,0,3,0,5
TTGCGTGAACGCTTAG.1,0,0,1,0,0,0,0,0,4,0,0,0,0,0,0,5
AACCTTTACGACGTCT.1,0,0,3,1,1,0,0,0,0,0,0,0,0,0,0,5
GCTTCCGTCCCTAGAC.1,0,0,2,0,0,1,0,0,0,0,0,0,0,2,0,5
CTGGAAATGGATGCTT.1,0,0,1,0,0,0,2,0,0,0,0,2,0,0,0,5
CGAGTACTAAAGAGGA.1,0,0,1,4,0,0,0,0,0,0,0,0,0,0,0,5
CAGGCCGTTTGGGTGT.1,0,0,2,1,0,0,0,0,0,0,0,2,0,0,0,5
CACGCACAGCGCAGCT.1,0,0,1,1,0,0,0,0,0,0,0,2,0,1,0,5
AGCCACTCCCGTGCTT.1,0,0,2,1,0,0,0,0,0,0,0,0,1,1,0,5
AAATTACCTATCGATG.1,0,0,1,0,0,0,0,0,0,0,0,0,0,4,0,5
CTCCGCCCACATGAGG.1,0,0,1,0,0,0,0,0,0,0,0,0,1,3,0,5
CCTACTGCTTACACTT.1,0,0,1,0,0,0,0,0,0,0,0,0,3,0,0,4
TCGCTTTAAACGTTTG.1,0,0,2,3,0,0,0,0,0,0,0,0,0,0,0,5
ATCCAGAGCAACAACC.1,0,0,1,0,0,0,0,0,0,0,0,0,0,0,4,5
CGTTTCGCTCATTACA.1,0,0,1,3,0,1,0,0,0,0,0,0,0,0,0,5
TTGACCATGTTCTCCG.1,0,0,1,0,0,0,0,0,0,0,0,2,0,2,0,5
GTCTATCTGAGTTTCT.1,0,0,1,1,0,1,0,1,0,0,0,0,1,0,0,5
AACGCATGATCTGGGT.1,0,0,2,0,0,0,2,0,0,0,0,1,0,0,0,5
CCTCGCGCGATATAGG.1,0,0,1,0,0,0,0,0,0,0,0,4,0,0,0,5
TTGAAGAATTCCCAGG.1,0,0,1,1,0,0,3,0,0,0,0,0,0,0,0,5
TGCGTAAGAACCTGAT.1,0,0,0,4,1,0,0,0,0,0,0,0,0,0,0,5
CTGGATTTACACTTGA.1,0,0,0,1,0,4,0,0,0,0,0,0,0,0,0,5
GATGCGTCCTGCATTC.1,0,0,0,1,0,0,0,4,0,0,0,0,0,0,0,5
AATAGCTACCGCGTGC.1,0,0,0,1,0,0,0,0,0,0,1,0,0,3,0,5
GCGGCTCTGACGTACC.1,0,0,0,1,0,0,0,0,0,0,1,2,0,1,0,5
CGCGGTCACAAACCAA.1,0,0,0,1,0,0,0,0,0,0,4,0,0,0,0,5
GGGAATGAGCCCTCAC.1,0,0,0,1,0,0,0,0,0,0,4,0,0,0,0,5
GGGTACTTCATGAACT.1,0,0,0,1,0,0,0,2,0,0,0,0,0,2,0,5
TACGAGAACTTCACGT.1,0,0,0,1,0,0,0,0,0,0,1,0,0,3,0,5
ATGGATTGACCAAACG.1,0,0,0,1,0,0,0,1,0,0,0,1,1,1,0,5
ATCCTGCGTGGAATGG.1,0,0,0,1,0,1,0,0,0,0,2,0,0,1,0,5
CGCGCCCGACTTAATA.1,0,0,0,1,0,0,0,0,0,0,0,0,4,0,0,5
TTACTCTGGTACGTAC.1,0,0,0,1,0,0,0,0,0,0,1,0,3,0,0,5
TTGTGTTTCCCGAAAG.1,0,0,0,1,0,0,0,3,0,0,0,0,0,1,0,5
GATCCCTTTATACTGC.1,0,0,0,1,0,0,0,0,0,0,3,1,0,0,0,5
ACGCGAAGTCAGACGA.1,0,0,0,1,0,2,0,1,0,0,0,0,0,0,0,4
GAGGGCGCAGCTCTGC.1,0,0,0,1,0,2,0,0,0,0,1,0,0,1,0,5
CGGTAGAGGTGCAGGT.1,0,0,0,1,0,0,0,0,0,0,1,2,1,0,0,5
CTGTTACCCAATCTAG.1,0,0,0,1,0,1,2,0,0,0,0,0,0,0,0,4
TGGCGATCAAGTTATG.1,0,0,0,1,0,2,0,0,0,0,2,0,0,0,0,5
GGGCGATATGTGTGAA.1,0,0,0,3,0,0,0,0,0,0,0,0,0,2,0,5
TATGGGTACGTATCGT.1,0,0,0,3,0,0,0,0,0,0,0,2,0,0,0,5
GGGTCACCGTGACGGT.1,0,0,0,1,0,1,0,0,0,0,0,3,0,0,0,5
GCGAAGCCATACCCGT.1,0,0,0,1,0,1,1,1,0,0,0,1,0,0,0,5
CATGATGCACAATTCT.1,0,0,0,2,0,0,0,0,0,0,0,0,0,3,0,5
GCGGACCGCGTTGTGG.1,0,0,0,1,0,0,0,0,0,0,0,3,0,0,0,4
GTGCTCAAGTACTGTC.1,0,0,0,1,0,1,0,0,0,0,0,2,0,0,1,5
GATGTTCAATCCACGA.1,0,0,0,3,0,2,0,0,0,0,0,0,0,0,0,5
ATGCATGATCCAGGAT.1,0,0,0,1,0,0,0,0,0,0,2,1,0,1,0,5
GTCCGGCTGAATTGCG.1,0,0,0,2,0,0,0,0,0,0,3,0,0,0,0,5
ACCATCGTATATGGTA.1,0,0,0,2,0,3,0,0,0,0,0,0,0,0,0,5
ACTTCGCCATACGCAC.1,0,0,0,1,0,3,1,0,0,0,0,0,0,0,0,5
TAGAGATCATGCAACT.1,0,0,0,1,0,0,0,0,0,0,0,0,0,0,3,4
TATGTCAAGACCGACT.1,0,0,0,1,0,0,0,0,0,0,0,0,0,4,0,5
CTACTGCCACCTGACC.1,0,0,0,2,0,0,0,0,2,0,0,0,0,1,0,5
CTTCATTGTCAGTGGA.1,0,0,0,1,0,1,1,2,0,0,0,0,0,0,0,5
GGATGACGCGAGTTTA.1,0,0,0,1,0,1,0,0,3,0,0,0,0,0,0,5
CAAACGAGTATCGCAG.1,0,0,0,1,0,0,0,0,0,0,0,4,0,0,0,5
CCAGTCTAGACGGCGC.1,0,0,0,1,0,2,0,0,0,0,1,0,0,1,0,5
CTGTTCACTGCCTGTG.1,0,0,0,1,0,0,0,0,2,0,0,1,0,0,0,4
AGATACCGGTGTTCAC.1,0,0,0,1,0,0,1,2,0,0,0,0,1,0,0,5
AGAAGGTTGCCGAATT.1,0,0,0,1,0,0,0,1,0,0,3,0,0,0,0,5
ACTTTCCTATAGCTTC.1,0,0,0,1,0,0,0,0,0,0,1,3,0,0,0,5
TTCGCTATCTGACGTG.1,0,0,0,1,0,0,0,0,0,0,0,0,0,3,0,4
GCTCGGAATTTAAAGC.1,0,0,0,1,0,0,0,0,0,0,1,0,3,0,0,5
GAAACCGAATTACCTT.1,0,0,0,2,0,0,0,1,0,0,2,0,0,0,0,5
GAGACTGATGGGTAGA.1,0,0,0,1,0,0,0,0,0,0,0,2,0,2,0,5
AGCTCTTTACTCAGTT.1,0,0,0,1,0,3,0,1,0,0,0,0,0,0,0,5
TACTGGACAGCTCGGC.1,0,0,0,1,0,0,0,0,2,0,1,0,0,0,0,4
CTATGTCACTAGCCCA.1,0,0,0,1,0,2,0,1,0,0,0,1,0,0,0,5
TATGGTCTGAGTAACA.1,0,0,0,1,0,2,2,0,0,0,0,0,0,0,0,5
CGGTGCAGATAGAACG.1,0,0,0,1,0,0,0,0,0,0,0,2,1,1,0,5
TACGCAGTTCTTTCCT.1,0,0,0,1,0,2,0,0,0,0,0,1,0,1,0,5
CCGCTTACCTCACTCT.1,0,0,0,1,0,0,0,0,0,0,2,0,2,0,0,5
AAGGATGAGGGACCTC.1,0,0,0,1,0,2,0,1,0,0,0,0,0,0,0,4
GCCAATAGGGCATCTC.1,0,0,0,1,0,2,1,0,0,0,0,0,0,0,0,4
ACTGTCTTCTTTAGAA.1,0,0,0,1,0,0,0,0,0,0,0,4,0,0,0,5
ACGGCACTTGCTTGGG.1,0,0,0,1,0,2,0,0,0,0,1,0,0,0,0,4
CACTAAAGTTGCCTAT.1,0,0,0,1,0,2,0,2,0,0,0,0,0,0,0,5
ACAAGGACAAGAGGTT.1,0,0,0,2,0,0,0,0,3,0,0,0,0,0,0,5
AGGTTGAGGCACGCTT.1,0,0,0,1,0,0,0,0,0,0,0,0,1,3,0,5
GCCATATTGCACACAG.1,0,0,0,1,0,1,0,0,0,0,0,2,0,0,0,4
CCAGGGACGTGGCCTC.1,0,0,0,1,0,0,0,0,0,0,2,1,0,1,0,5
GCGTCTCTGCATTGGG.1,0,0,0,1,0,3,1,0,0,0,0,0,0,0,0,5
GTGCGAAATCGAACAC.1,0,0,0,1,0,0,0,0,3,0,1,0,0,0,0,5
CAGTTCAAATTGACAC.1,0,0,0,1,0,0,0,0,0,0,0,0,1,3,0,5
TACGAACACGACTTCA.1,0,0,0,1,0,0,0,0,0,0,1,0,0,3,0,5
GCTGCTCTCCGGACAC.1,0,0,0,1,0,3,0,0,0,0,1,0,0,0,0,5
CGGTTCAAGTAGGTGT.1,0,0,0,1,0,1,0,2,0,0,0,0,0,0,0,4
AGATCTCAGGTGTGAT.1,0,0,0,1,0,1,0,0,0,0,0,1,0,2,0,5
GTCGGATATCTCAGAC.1,0,0,0,0,1,0,0,0,2,0,0,0,2,0,0,5
GGAACCGTGTAAATTG.1,0,0,0,0,1,0,0,1,0,0,0,1,2,0,0,5
GGCAGCGGTAATCCTA.1,0,0,0,0,1,0,0,1,2,0,0,0,1,0,0,5
CGCAAACACGAGTTAC.1,0,0,0,0,0,2,0,1,1,0,0,0,0,0,0,4
CCTTTCAATGAAGAAA.1,0,0,0,0,0,3,0,2,0,0,0,0,0,0,0,5
CCAGTAGTCTGATCCA.1,0,0,0,0,0,4,0,0,0,0,0,0,0,0,0,4
GAAGTGATTTATCGTG.1,0,0,0,0,0,6,0,0,0,0,0,0,0,0,0,6
TATCACCCAACCGACC.1,0,0,0,0,0,5,0,0,0,0,0,0,0,0,0,5
AGTCAACACCACCATC.1,0,0,0,0,0,5,1,0,0,0,0,0,0,0,0,6
AGATTATAGGACGTTT.1,0,0,0,0,0,5,0,0,0,0,0,0,0,0,0,5
TTGTTGTGTGTCAAGA.1,0,0,0,0,0,3,0,2,0,0,0,0,0,0,0,5
TAGAAAGGTGGCGCTA.1,0,0,0,0,0,4,0,0,0,0,0,0,0,0,0,4
TTAGTTCAAGTGTTCG.1,0,0,0,0,0,4,0,1,0,0,0,0,0,0,0,5
ACAACAGCATGAGCTA.1,0,0,0,0,0,2,2,1,0,0,0,0,0,0,0,5
AGAGAACCGTCTAGGA.1,0,0,0,0,0,5,0,0,0,0,0,0,0,0,0,5
CCTGTCACCCGGGCTC.1,0,0,0,0,0,1,0,0,0,0,0,4,0,0,0,5
AATGATGCGACTCCTG.1,0,0,0,0,0,2,0,0,0,0,0,0,0,2,0,4
CTCGTTTCTAATGTTT.1,0,0,0,0,0,2,0,0,0,0,0,0,0,3,0,5
TGCGCAAAGCATTTGG.1,0,0,0,0,0,3,0,0,2,0,0,0,0,0,0,5
TCCAACTTTAAATTCT.1,0,0,0,0,0,4,0,1,0,0,0,0,1,0,0,6
GCGAGAGGCCATGTAA.1,0,0,0,0,0,5,0,0,0,0,0,0,0,0,0,5
ATCAATCTGGGCTGCA.1,0,0,0,0,0,4,0,1,0,0,0,0,0,0,0,5
CAGATCATTTAAAGTC.1,0,0,0,0,0,4,0,0,0,0,0,0,0,1,0,5
TTCTTTGGTCGCGACG.1,0,0,0,0,0,3,1,0,0,0,0,0,0,0,0,4
CAATAAACCTTGGCCC.1,0,0,0,0,0,2,0,1,0,0,0,0,0,2,0,5
AGGACGACCCATTAGA.1,0,0,0,0,0,3,1,0,0,0,0,1,0,0,0,5
CGATACCTCGCGGACA.1,0,0,0,0,0,1,0,1,0,0,1,0,0,2,0,5
CTGTACTTCTTAGCAT.1,0,0,0,0,0,4,0,1,0,0,0,0,0,0,0,5
GTGAAGCCGTATAGTC.1,0,0,0,0,0,3,0,0,0,0,1,0,1,0,0,5
ACTTATTAGGATCGGT.1,0,0,0,0,0,4,0,1,0,0,0,0,0,0,0,5
GGCTCTGCTCCAACGC.1,0,0,0,0,0,1,0,0,0,0,0,1,0,3,0,5
TTCGTTCAACGAAGTT.1,0,0,0,0,0,5,0,0,0,0,0,0,0,0,0,5
ACCCTGGTAACGCCCT.1,0,0,0,0,0,4,0,1,0,0,0,0,0,0,0,5
GGGATGGTCGTAACCG.1,0,0,0,0,0,2,2,0,0,0,0,0,0,1,0,5
TTGAGAGTACTGCTAA.1,0,0,0,0,0,2,0,0,0,0,3,0,0,0,0,5
CTCCTTTACGCAAGTC.1,0,0,0,0,0,2,0,0,0,0,2,0,0,0,0,4
AGGGTTTAGTTCGGGA.1,0,0,0,0,0,5,0,0,0,0,0,0,0,0,0,5
CAGCTCACTGAGACAT.1,0,0,0,0,0,3,0,1,0,0,1,0,0,0,0,5
CTGCCAAGGTTGGAAG.1,0,0,0,0,0,1,0,0,0,0,0,0,2,2,0,5
GTCGTATTGGCGTACA.1,0,0,0,0,0,1,0,0,0,0,0,1,0,3,0,5
TTCACGAAAGGATCAC.1,0,0,0,0,0,4,0,2,0,0,0,0,0,0,0,6
TCAGGGTGTAACGTAA.1,0,0,0,0,0,1,0,0,0,0,0,2,0,2,0,5
AAGATTGGCGGAACGT.1,0,0,0,0,0,4,0,1,0,0,0,0,0,0,0,5
CTCTGGACGCCTGGTG.1,0,0,0,0,0,3,0,0,0,0,0,2,0,0,0,5
CAATGGATCTCTACCA.1,0,0,0,0,0,3,0,0,0,0,0,0,0,1,0,4
TCCCAGCTTTAGTCTG.1,0,0,0,0,0,4,0,0,0,0,0,1,0,0,0,5
TGGAATATCCTTGACC.1,0,0,0,0,0,5,0,0,0,0,0,0,0,0,0,5
GAGATCTGTCACTCCG.1,0,0,0,0,0,5,0,0,0,0,0,0,0,0,0,5
GGCGGTAGGATCATTG.1,0,0,0,0,0,3,0,2,0,0,0,0,0,0,0,5
GAGCTAAGGGCATATC.1,0,0,0,0,0,2,0,2,0,0,0,0,0,1,0,5
CTCAGTCACGACAAAT.1,0,0,0,0,0,3,0,1,0,0,0,0,0,1,0,5
TACATTTCTAACGTGC.1,0,0,0,0,0,1,1,1,0,0,1,0,0,1,0,5
CGCTACGGGACATTTA.1,0,0,0,0,0,1,0,1,0,0,2,1,0,0,0,5
AAATTAACGGGTAGCT.1,0,0,0,0,0,3,0,1,0,0,1,0,0,1,0,6
TGAGTGGTCCGTGACG.1,0,0,0,0,0,3,0,0,0,0,0,0,0,1,0,4
TCAGCAAATGCATCTC.1,0,0,0,0,0,1,0,0,0,0,0,0,0,4,0,5
ATCTTGACCTGCAACG.1,0,0,0,0,0,1,0,0,4,0,0,0,0,0,0,5
ATAGACAACGGGACCT.1,0,0,0,0,0,3,0,1,0,0,0,0,0,0,0,4
CCGTGGAACGATCCAA.1,0,0,0,0,0,3,0,0,0,0,1,0,0,0,0,4
CCCAGAGGAGGGCGTA.1,0,0,0,0,0,1,0,0,0,0,1,0,1,2,0,5
TATGGATGTGCTACGC.1,0,0,0,0,0,1,0,0,0,0,0,0,3,0,0,4
ACCCGGTTACACTTCC.1,0,0,0,0,0,1,0,1,2,0,0,0,0,1,0,5
TCCACTTTATCTAGGT.1,0,0,0,0,0,1,3,0,0,0,0,0,0,0,0,4
CTGCTTTATGTCCGCG.1,0,0,0,0,0,1,0,0,0,0,0,0,0,4,0,5
TGGAACCACTGACACA.1,0,0,0,0,0,3,0,0,0,0,0,0,0,2,0,5
GCCTATAGTGTCAGGG.1,0,0,0,0,0,3,1,0,0,0,0,0,0,0,0,4
GGGCTGCCTAGGGCGA.1,0,0,0,0,0,4,0,1,0,0,0,0,0,0,0,5
CATGCGACCAGTTTAA.1,0,0,0,0,0,1,0,1,0,0,0,2,0,0,0,4
CAGCTTAGTAGGTAGC.1,0,0,0,0,0,1,0,1,2,0,0,0,0,0,0,4
GACACAAGGGAAGAAA.1,0,0,0,0,0,4,0,1,0,0,0,0,0,0,0,5
CCAGATAGTTGAGTGA.1,0,0,0,0,0,5,0,0,0,0,0,0,0,0,0,5
TTGATGTGTAGTCCCG.1,0,0,0,0,0,1,0,0,0,0,0,0,0,4,0,5
GTTGGACCGCATCAGG.1,0,0,0,0,0,1,0,0,0,0,0,0,0,3,0,4
CGGTCTATCAACCCGT.1,0,0,0,0,0,2,0,0,3,0,0,0,0,0,0,5
AAGGTATCCTAATATA.1,0,0,0,0,0,1,0,0,0,0,0,0,0,4,0,5
GAAGCGTGAGGAATTT.1,0,0,0,0,0,4,0,1,0,0,0,0,0,0,0,5
GATCGGTGGCCATAAC.1,0,0,0,0,0,1,0,0,0,0,0,0,0,4,0,5
GGGAGGATGCCCGAAA.1,0,0,0,0,0,2,3,1,0,0,0,0,0,0,0,6
CGGCCACGCACAAAGT.1,0,0,0,0,0,2,0,0,0,0,2,0,0,2,0,6
GCATAGAGCACTCAGG.1,0,0,0,0,0,1,2,2,0,0,0,0,0,0,0,5
ATTAATGAACCAGTCG.1,0,0,0,0,0,1,0,0,0,0,1,0,0,3,0,5
TCGCTCGGCACCAGCG.1,0,0,0,0,0,4,0,0,0,0,0,0,0,0,0,4
CTAGCATAGTATAATG.1,0,0,0,0,0,2,3,0,0,0,0,0,0,0,0,5
GATCCTAAATCGGGAC.1,0,0,0,0,0,2,0,0,0,0,0,0,0,2,0,4
ATATCTTAGGGCCTTC.1,0,0,0,0,0,1,0,0,0,3,1,0,0,0,0,5
ATTAGATTCCTCAGCA.1,0,0,0,0,0,3,1,0,0,0,0,0,0,0,0,4
CCACACTGAGATATTA.1,0,0,0,0,0,4,0,1,0,0,0,0,0,0,0,5
ATAAGTTACCGCGACG.1,0,0,0,0,0,1,0,2,0,0,1,0,0,1,0,5
ACTGTCCAGGATTATA.1,0,0,0,0,0,3,0,0,0,0,0,1,0,1,0,5
AGTGGCGGCAATTTGA.1,0,0,0,0,0,2,0,0,0,0,0,0,0,2,0,4
CTGAATTTATTGCCAG.1,0,0,0,0,0,2,3,0,0,0,0,0,0,0,0,5
CAGTCGAGGATGCAAT.1,0,0,0,0,0,3,0,1,0,0,0,0,0,0,0,4
TGAGTAAATTAGCGTA.1,0,0,0,0,0,1,0,4,0,0,0,0,0,0,0,5
CTACGCACGGAGTACC.1,0,0,0,0,0,4,0,0,0,0,0,0,0,1,0,5
ACACGAGACTCCTTCT.1,0,0,0,0,0,2,0,2,0,0,0,0,0,1,0,5
CCTGAATATTTACATA.1,0,0,0,0,0,1,0,0,0,0,0,3,1,0,0,5
CAGCTCGACAAGTTAA.1,0,0,0,0,0,1,0,1,0,0,0,0,0,2,0,4
TGTGGCAAAGCGTATG.1,0,0,0,0,0,5,0,0,0,0,0,0,0,0,0,5
CCATGCCTGTTTAGTA.1,0,0,0,0,0,3,0,1,0,0,0,1,0,0,0,5
TAGTGCCCTCCAGAGT.1,0,0,0,0,0,4,0,1,0,0,0,0,0,0,0,5
AAATGATTCGATCAGC.1,0,0,0,0,0,3,0,1,0,0,0,0,1,0,0,5
TTACTGGGATATTTCA.1,0,0,0,0,0,2,2,2,0,0,0,0,0,0,0,6
TAAAGCGTTAGGAGAA.1,0,0,0,0,0,2,0,1,0,0,2,0,0,0,0,5
GTTCGCCATAAGTGCC.1,0,0,0,0,0,5,0,0,0,0,0,0,0,0,0,5
TCGTAAGACGACATTG.1,0,0,0,0,0,1,0,1,0,0,0,3,0,0,0,5
GGCAAATTACTTTACT.1,0,0,0,0,0,2,0,1,0,0,0,0,0,2,0,5
TGGCCAAACTGAAGTA.1,0,0,0,0,0,3,0,1,0,0,1,0,0,0,0,5
GGCGGAGTAATATTAG.1,0,0,0,0,0,1,0,0,0,0,0,3,1,0,0,5
GGGACTGCATAGATAG.1,0,0,0,0,0,1,0,0,0,0,0,0,0,4,0,5
ACCACAAGTTTCTATC.1,0,0,0,0,0,2,0,0,0,0,0,0,0,3,0,5
CAATTAAGGGTGATGA.1,0,0,0,0,0,1,0,0,2,0,0,0,0,2,0,5
TTAATGTAGACCAGGT.1,0,0,0,0,0,4,0,1,0,0,0,0,0,0,0,5
GGGTGACACCTTAACT.1,0,0,0,0,0,1,0,2,0,0,1,1,0,0,0,5
CCTCTCTCCCATCTAG.1,0,0,0,0,0,1,0,0,2,0,0,0,0,2,0,5
CGCGGGAATTAGGCAG.1,0,0,0,0,0,1,0,4,0,0,0,0,0,0,0,5
GGTACAAACATGCTAT.1,0,0,0,0,0,2,2,1,0,0,0,0,0,0,0,5
CAGTAGCCCACGCGGT.1,0,0,0,0,0,2,0,1,0,0,0,0,0,1,0,4
CCTCACCTTAGCATCG.1,0,0,0,0,0,1,0,2,0,0,0,0,0,0,0,3
CTAAATCCTATTCCGG.1,0,0,0,0,0,1,0,1,0,0,0,3,0,0,0,5
CTACTATCTTTCAGAG.1,0,0,0,0,0,1,3,0,0,0,0,0,0,0,0,4
TTAACGAACAAGCAGT.1,0,0,0,0,0,4,0,0,0,0,1,0,0,0,0,5
TAATAGTGACGACCAG.1,0,0,0,0,0,2,0,1,0,0,0,0,0,2,0,5
ACTGTACGATACACAT.1,0,0,0,0,0,2,0,1,0,0,0,0,0,2,0,5
GTGCCATCACACGGTG.1,0,0,0,0,0,1,0,0,0,0,2,0,0,2,0,5
TGCAGAGTACCGAGCA.1,0,0,0,0,0,2,0,0,0,0,3,0,0,0,0,5
TTGCTGATCATGTTCG.1,0,0,0,0,0,1,0,0,0,0,0,3,0,1,0,5
TATGTCTCATTGTGCC.1,0,0,0,0,0,1,2,0,0,0,0,0,0,1,0,4
TCGGAGTACATGAGTA.1,0,0,0,0,0,2,2,1,0,0,0,0,0,0,0,5
GACACTGAGTTCAGTG.1,0,0,0,0,0,1,0,0,0,0,0,0,0,4,0,5
GGTATTGCCGAGTTTA.1,0,0,0,0,0,1,0,2,0,0,1,1,0,0,0,5
TTAGTAGGGCGGCGGG.1,0,0,0,0,0,1,0,0,3,0,0,0,0,0,0,4
AACAGGATGGGCCGCG.1,0,0,0,0,0,1,0,0,2,0,0,0,0,0,0,3
TTGGGCGGCGGTTGCC.1,0,0,0,0,0,0,4,1,0,0,0,0,0,0,0,5
GAATTATAGTGAAAGG.1,0,0,0,0,0,0,5,0,0,0,0,0,0,0,0,5
AACATATCAACTGGTG.1,0,0,0,0,0,0,2,0,0,0,0,0,0,2,0,4
CTCTAATGCATTGATC.1,0,0,0,0,0,0,3,0,0,0,0,0,0,0,0,3
CGTGAAGTTAATTCAC.1,0,0,0,0,0,0,5,0,0,0,0,0,0,0,0,5
CATATAGGTACAGTCA.1,0,0,0,0,0,0,4,0,0,0,0,0,0,1,0,5
AAGGCTGTGCTCATCG.1,0,0,0,0,0,0,2,0,0,0,0,0,1,2,0,5
CCAAGCGTAACTCGTA.1,0,0,0,0,0,0,5,0,0,0,0,0,0,0,0,5
CACTCAAGAGCTATGG.1,0,0,0,0,0,0,4,0,0,0,1,0,0,0,0,5
CCGGGCGGTCTCGTCA.1,0,0,0,0,0,0,5,0,0,0,0,0,0,0,0,5
GCAGATTAGGGATATC.1,0,0,0,0,0,0,4,0,0,0,0,0,0,0,0,4
AATATCGAGGGTTCTC.1,0,0,0,0,0,0,3,0,0,0,0,0,0,0,0,3
GACTCGCGGGAATGAC.1,0,0,0,0,0,0,4,0,0,0,0,0,0,0,0,4
AGGGTTCCCTTTGGTT.1,0,0,0,0,0,0,4,0,0,0,0,0,0,0,0,4
CCACAATGTACGTCTT.1,0,0,0,0,0,0,2,1,0,0,0,0,0,1,0,4
ACCCAACGCCCGTGGC.1,0,0,0,0,0,0,3,1,0,0,0,0,0,0,0,4
GGGTCGTGGCAAGTGT.1,0,0,0,0,0,0,1,0,0,0,1,1,0,0,0,3
ATGCCGGTCTTGCATA.1,0,0,0,0,0,0,3,2,0,0,0,0,0,0,0,5
TAGCTCGCCTGATAAC.1,0,0,0,0,0,0,2,3,0,0,0,0,0,0,0,5
GGTGCTGGTACACATT.1,0,0,0,0,0,0,1,3,0,0,0,0,0,1,0,5
GCGCTGCTTTGCATTT.1,0,0,0,0,0,0,3,0,0,0,0,0,0,0,0,3
AATTAAAGGTCGGCGT.1,0,0,0,0,0,0,2,4,0,0,0,0,0,0,0,6
GTACTCCTGGGTATGC.1,0,0,0,0,0,0,2,1,0,0,1,0,0,0,0,4
AAACTCGTGATATAAG.1,0,0,0,0,0,0,1,0,0,0,0,0,0,0,1,2
CAGAGACGGTCACCCA.1,0,0,0,0,0,0,1,3,1,0,0,0,0,0,0,5
TGTAGTGATCTATAAT.1,0,0,0,0,0,0,1,0,0,0,0,0,0,4,0,5
TCCGGTTCGTCCGGTC.1,0,0,0,0,0,0,1,0,0,0,1,0,0,3,0,5
ACGCCAGATGATTTCT.1,0,0,0,0,0,0,0,3,1,0,0,0,0,0,0,4
GAAGTCAGTTGCACTA.1,0,0,0,0,0,0,0,6,0,0,0,0,0,0,0,6
GGGCCCGTCTTAAACA.1,0,0,0,0,0,0,0,1,3,0,0,0,0,2,0,6
TCGCCGGTCGATCCGT.1,0,0,0,0,0,0,0,1,3,0,0,0,0,0,0,4
ACACAAAGACGGGTGG.1,0,0,0,0,0,0,0,1,1,0,0,0,2,0,1,5
ACATAATAAGGCGGTG.1,0,0,0,0,0,0,0,1,4,0,0,0,0,0,0,5
AAGGAGCGGTTGGTGC.1,0,0,0,0,0,0,0,1,0,0,0,0,0,3,0,4
AGACTAGCCTTCCAGA.1,0,0,0,0,0,0,0,1,1,0,0,0,1,1,0,4
GGCGCAGGACATCTTC.1,0,0,0,0,0,0,0,1,3,0,0,0,1,0,0,5
TCCCGTCAGTCCCGCA.1,0,0,0,0,0,0,0,1,0,0,1,0,1,2,0,5
TATTCGTGCCAGAATA.1,0,0,0,0,0,0,0,4,0,0,0,0,1,0,0,5
TCTAGTTATCAGAAGA.1,0,0,0,0,0,0,0,1,0,0,0,0,0,4,0,5
TCGAGACCAACACCGT.1,0,0,0,0,0,0,0,3,2,0,0,0,0,0,0,5
TGAGTGCCTCTTAAAT.1,0,0,0,0,0,0,0,1,0,0,1,0,0,3,0,5
CGTACCTGATAGGCCT.1,0,0,0,0,0,0,0,1,2,0,0,0,2,0,0,5
AGACCCGCCCTCCTCG.1,0,0,0,0,0,0,0,1,0,0,0,0,1,3,0,5
GTGCCGCTTCAAAGGT.1,0,0,0,0,0,0,0,1,0,0,0,4,0,0,0,5
TATTCCACTCAGCTCG.1,0,0,0,0,0,0,0,4,0,0,1,0,0,0,0,5
AGTTACTCTATCGTGG.1,0,0,0,0,0,0,0,1,3,0,0,0,0,0,0,4
ACTCAATAAAGGCACG.1,0,0,0,0,0,0,0,1,0,0,0,0,0,4,0,5
GGACCTACGGTAACGT.1,0,0,0,0,0,0,0,1,0,0,0,0,4,0,0,5
GTTCACAGGAGTCTAG.1,0,0,0,0,0,0,0,1,0,0,0,0,2,1,0,4
TTGCTCCCATACCGGA.1,0,0,0,0,0,0,0,1,0,0,0,0,1,3,0,5
GTTATATTATCTCCCT.1,0,0,0,0,0,0,0,5,0,0,0,0,0,0,0,5
CTTGCCCAGGCTCTAC.1,0,0,0,0,0,0,0,1,4,0,0,0,0,0,0,5
CGATGGACCCTACGCC.1,0,0,0,0,0,0,0,1,1,0,0,1,1,1,0,5
TGTCATTTGTTGGGAA.1,0,0,0,0,0,0,0,1,0,0,2,0,0,2,0,5
GATCGCGGGCTCTCCA.1,0,0,0,0,0,0,0,1,0,0,0,0,0,4,0,5
CCTCTAATCTGCCAAG.1,0,0,0,0,0,0,0,1,0,0,0,0,0,4,0,5
TTGATTAGCTGTTTCT.1,0,0,0,0,0,0,0,1,0,0,0,0,1,2,0,4
GGCATATCGGTTCTGC.1,0,0,0,0,0,0,0,2,1,0,0,0,1,0,0,4
ATTGACCGGCGATGAC.1,0,0,0,0,0,0,0,1,0,0,2,2,0,0,0,5
CATACTATGTAATTGT.1,0,0,0,0,0,0,0,1,0,0,2,2,0,0,0,5
AATGCAACCGGGTACC.1,0,0,0,0,0,0,0,1,0,0,0,2,2,0,0,5
ATAAATATTAGCAGCT.1,0,0,0,0,0,0,0,1,0,0,0,1,2,0,1,5
GAATGTTGGGTAATCT.1,0,0,0,0,0,0,0,2,0,0,0,0,3,0,0,5
GACTAAGTAGGCTCAC.1,0,0,0,0,0,0,0,1,3,0,0,0,0,0,0,4
TATTTGTTACCCTTTA.1,0,0,0,0,0,0,0,1,3,0,0,0,0,0,0,4
ACTACCAGCTCTCTGG.1,0,0,0,0,0,0,0,1,3,0,0,0,0,0,0,4
TGTCCTAAGTCACCGC.1,0,0,0,0,0,0,0,1,2,0,0,0,1,0,0,4
TAGGTGAGCCCTACTC.1,0,0,0,0,0,0,0,1,3,0,0,0,0,0,0,4
AGGCTTCCCGAAGAAG.1,0,0,0,0,0,0,0,1,4,0,0,0,0,0,0,5
ATTGCTGCTCCTCCAT.1,0,0,0,0,0,0,0,1,0,0,1,0,2,1,0,5
AGCATCGTCGATAATT.1,0,0,0,0,0,0,0,1,3,0,0,0,0,0,0,4
AGTTAAGCGGTCCCGG.1,0,0,0,0,0,0,0,1,3,0,0,0,0,0,0,4
TGATCTCCGGCGCCAG.1,0,0,0,0,0,0,0,1,0,0,0,0,4,0,0,5
TGGAAGGATAAAGATG.1,0,0,0,0,0,0,0,1,4,0,0,0,0,0,0,5
CACTCCTCTCGGTCGG.1,0,0,0,0,0,0,0,0,4,0,0,0,0,0,0,4
ACCTAATCGACTTCCT.1,0,0,0,0,0,0,0,0,4,0,0,0,0,0,0,4
ATTTGTTCCAGGGCTC.1,0,0,0,0,0,0,0,0,4,0,0,0,0,1,0,5
CATTACGTCGGCCCGT.1,0,0,0,0,0,0,0,0,2,0,0,0,2,0,0,4
TTACCCATTGCCGGGT.1,0,0,0,0,0,0,0,0,5,0,0,0,0,0,0,5
CATGTAGGAGCGCCAA.1,0,0,0,0,0,0,0,0,3,0,0,0,0,1,0,4
GGGCGTACATTTATAT.1,0,0,0,0,0,0,0,0,3,0,0,0,2,0,0,5
CAGATACTAACATAGT.1,0,0,0,0,0,0,0,0,5,0,0,0,0,0,0,5
CTTCTATTAATGCTAG.1,0,0,0,0,0,0,0,0,4,0,0,0,0,0,0,4
ATGCGACAATTGGTCC.1,0,0,0,0,0,0,0,0,4,0,0,0,0,1,0,5
ACACCCAGCATGCAGC.1,0,0,0,0,0,0,0,0,5,0,0,0,0,0,0,5
AGCCCATACATGTAAG.1,0,0,0,0,0,0,0,0,4,0,0,0,1,0,0,5
TATGGCCCGGCCTCGC.1,0,0,0,0,0,0,0,0,4,0,0,0,0,0,0,4
GTACTCCCTTATCGCT.1,0,0,0,0,0,0,0,0,2,0,0,0,1,1,0,4
CACCATGATCGCAAAG.1,0,0,0,0,0,0,0,0,6,0,0,0,0,0,0,6
TTACAACTACGCATCC.1,0,0,0,0,0,0,0,0,5,0,0,0,0,0,0,5
CTATTGTGTTTGGTCA.1,0,0,0,0,0,0,0,0,5,0,0,0,0,0,0,5
GTTGCACGGAGTTTCG.1,0,0,0,0,0,0,0,0,3,0,0,0,1,0,0,4
TTCCATCATGCGGTGA.1,0,0,0,0,0,0,0,0,5,0,0,0,0,0,0,5
TGATTATGGCACGCAG.1,0,0,0,0,0,0,0,0,4,0,0,0,1,0,0,5
AACAACTGGTAGTTGC.1,0,0,0,0,0,0,0,0,5,0,0,0,0,0,0,5
TTCGCACTCGCGTGCT.1,0,0,0,0,0,0,0,0,4,0,0,0,0,0,0,4
GTCGGATGTAGCGCGC.1,0,0,0,0,0,0,0,0,5,0,0,0,0,0,0,5
GGTTTGACAAGAAGCT.1,0,0,0,0,0,0,0,0,5,0,0,0,1,0,0,6
TTATGACAAACTGGAT.1,0,0,0,0,0,0,0,0,4,0,0,0,0,0,0,4
GCTGGACCCAAAGTGG.1,0,0,0,0,0,0,0,0,4,0,1,0,1,0,0,6
CACGGCGCGCCAAAGG.1,0,0,0,0,0,0,0,0,2,0,0,0,3,0,0,5
GGTTAGGCTTGGAGAA.1,0,0,0,0,0,0,0,0,3,0,0,1,0,0,0,4
CCAAACAGAACCCTCG.1,0,0,0,0,0,0,0,0,4,0,0,0,1,0,0,5
CCCGTCAGCGTCTGAC.1,0,0,0,0,0,0,0,0,4,0,0,0,1,0,0,5
TGGTTCGTAGCAAAGG.1,0,0,0,0,0,0,0,0,5,0,0,0,0,0,0,5
GGCGTCCTATCCGCTG.1,0,0,0,0,0,0,0,0,4,0,0,0,0,0,0,4
GGACGTCCATAGTTGG.1,0,0,0,0,0,0,0,0,3,0,0,0,2,0,0,5
GAGCCGAGCGTTTATT.1,0,0,0,0,0,0,0,0,5,0,0,0,0,0,0,5
ATAGAGTTATCAACTT.1,0,0,0,0,0,0,0,0,4,0,0,0,0,0,0,4
CCCGACCATAGTCCGC.1,0,0,0,0,0,0,0,0,3,0,0,0,1,1,0,5
ATGCCAATCGCTCTGC.1,0,0,0,0,0,0,0,0,4,0,0,0,1,0,0,5
GAATCGACATGGTCAC.1,0,0,0,0,0,0,0,0,4,0,0,0,1,0,0,5
TCATGCAGGTTCTCAT.1,0,0,0,0,0,0,0,0,5,0,0,0,0,0,0,5
TTGTAAGGACCTAAGT.1,0,0,0,0,0,0,0,0,1,0,0,0,0,4,0,5
CCTATCTATATCGGAA.1,0,0,0,0,0,0,0,0,5,0,0,0,0,0,0,5
TTAATCAGTACGTCAG.1,0,0,0,0,0,0,0,0,4,0,0,0,0,0,0,4
CCGCCTGCGAATTGGT.1,0,0,0,0,0,0,0,0,2,0,0,0,3,0,0,5
ATACCGTCATCCATAA.1,0,0,0,0,0,0,0,0,1,0,0,0,5,0,0,6
TGCACAGTGAAGTTAT.1,0,0,0,0,0,0,0,0,4,0,0,0,0,0,0,4
ATATCTCCCTCGTTAA.1,0,0,0,0,0,0,0,0,5,0,0,0,0,0,0,5
TTGCACGGAGCAGCAC.1,0,0,0,0,0,0,0,0,3,0,0,0,1,0,0,4
GTTTCATATCGTCGCT.1,0,0,0,0,0,0,0,0,5,0,0,0,0,0,0,5
AAACAGAGCGACTCCT.1,0,0,0,0,0,0,0,0,5,0,0,0,0,0,0,5
GACTAAGATCATGCAC.1,0,0,0,0,0,0,0,0,4,0,0,0,0,0,0,4
TAAGCCCTTACGACCA.1,0,0,0,0,0,0,0,0,5,0,0,0,0,0,0,5
TTCATGGCGCAACAGG.1,0,0,0,0,0,0,0,0,5,0,0,0,0,0,0,5
CCTTCTTGATCCAGTG.1,0,0,0,0,0,0,0,0,5,0,0,0,0,0,0,5
AGATGACTCGCCCACG.1,0,0,0,0,0,0,0,0,4,0,0,0,1,0,0,5
CGGAGTTTGAGAGACA.1,0,0,0,0,0,0,0,0,3,0,0,0,1,0,0,4
TGCGCGATTAACGGAG.1,0,0,0,0,0,0,0,0,4,0,0,0,0,0,0,4
TTCGGCAACCCGCTGA.1,0,0,0,0,0,0,0,0,5,0,0,0,0,0,0,5
AACTGGGTCCCGACGT.1,0,0,0,0,0,0,0,0,4,0,0,0,1,0,0,5
CTCGCACCTATATAGT.1,0,0,0,0,0,0,0,0,2,0,0,0,1,2,0,5
AGGCCACCCGTTATGA.1,0,0,0,0,0,0,0,0,4,0,0,0,0,0,0,4
AAGTGACGACCGAATT.1,0,0,0,0,0,0,0,0,4,0,0,0,0,1,0,5
TCGTATTACCCATTGC.1,0,0,0,0,0,0,0,0,4,0,0,0,0,0,0,4
GTGAAGATTTCAAGTG.1,0,0,0,0,0,0,0,0,1,0,1,0,1,1,0,4
GTATAGGACTCAGTAG.1,0,0,0,0,0,0,0,0,4,0,0,0,0,0,0,4
TCACAGCAAACTCGAA.1,0,0,0,0,0,0,0,0,3,0,0,0,0,2,0,5
AAATTTGCGGGTGTGG.1,0,0,0,0,0,0,0,0,3,0,0,0,2,0,0,5
TAATACACAGTAGTAT.1,0,0,0,0,0,0,0,0,5,0,0,0,0,0,0,5
ATACTAGCATGACCCT.1,0,0,0,0,0,0,0,0,4,0,0,0,1,0,0,5
CGCCCGCTTCCGTACA.1,0,0,0,0,0,0,0,0,4,0,0,0,0,0,0,4
GCTGGCATATTCACCT.1,0,0,0,0,0,0,0,0,4,0,0,0,0,0,0,4
CGCTGTGACGCCGCAC.1,0,0,0,0,0,0,0,0,4,0,0,0,1,0,0,5
ACTGTAGCACTTTGGA.1,0,0,0,0,0,0,0,0,3,0,0,0,1,0,0,4
TTGGCCTAGAATTTCG.1,0,0,0,0,0,0,0,0,4,0,0,0,0,0,0,4
CTTTGGCTTTAGTAAA.1,0,0,0,0,0,0,0,0,1,0,0,0,0,4,0,5
TTACCATTGATTACCC.1,0,0,0,0,0,0,0,0,3,0,0,1,0,0,0,4
GTGGGCTTAGACACAC.1,0,0,0,0,0,0,0,0,4,0,0,0,0,0,0,4
CAGCCTCTCCTCAAGA.1,0,0,0,0,0,0,0,0,4,0,0,0,1,0,0,5
TCAACCATGTTCGGGC.1,0,0,0,0,0,0,0,0,2,0,0,0,2,1,0,5
GGCATACAGGTAGCGG.1,0,0,0,0,0,0,0,0,3,0,0,0,1,0,0,4
TTCGACGGGAAGGGCG.1,0,0,0,0,0,0,0,0,4,0,0,0,0,0,0,4
GAAGCTTGCTGACCGC.1,0,0,0,0,0,0,0,0,4,0,0,0,0,0,0,4
GTGGACCAACCCGATT.1,0,0,0,0,0,0,0,0,5,0,0,0,0,0,0,5
TTAGACACGATCGTTG.1,0,0,0,0,0,0,0,0,5,0,0,0,0,0,0,5
TATCGATGATTAAACG.1,0,0,0,0,0,0,0,0,5,0,0,0,0,0,0,5
CTGGCGACATAAGTCC.1,0,0,0,0,0,0,0,0,4,0,0,0,1,0,0,5
GTAGGTGATCCGTGTA.1,0,0,0,0,0,0,0,0,4,0,0,0,0,0,0,4
ATGTGCATCCGACGCA.1,0,0,0,0,0,0,0,0,5,0,0,0,0,0,0,5
GAACGACCGAATGATA.1,0,0,0,0,0,0,0,0,5,0,0,0,0,0,0,5
AGTAGGAAGGAAGTTG.1,0,0,0,0,0,0,0,0,1,0,0,0,4,0,0,5
ATTATACTTTGCTCGT.1,0,0,0,0,0,0,0,0,4,0,0,0,0,0,0,4
ACACCTTAAGTAGGGC.1,0,0,0,0,0,0,0,0,5,0,0,0,0,0,0,5
GTACGAGATTGCGACA.1,0,0,0,0,0,0,0,0,4,0,0,0,0,0,0,4
TCTATCGGTCGCAACA.1,0,0,0,0,0,0,0,0,1,0,0,0,4,0,0,5
TCCGAAGTAGTCACCA.1,0,0,0,0,0,0,0,0,5,0,0,0,0,0,0,5
TCCGGAGGAAGGGCTG.1,0,0,0,0,0,0,0,0,4,0,0,0,1,0,0,5
TTGTCGTTCAGTTACC.1,0,0,0,0,0,0,0,0,3,0,0,0,1,0,0,4
TACAACGCACAACTCA.1,0,0,0,0,0,0,0,0,6,0,0,0,0,0,0,6
GTCGGAAGGATACCAG.1,0,0,0,0,0,0,0,0,5,0,0,0,1,0,0,6
CGCTCTCCGTAGATTA.1,0,0,0,0,0,0,0,0,2,0,0,0,2,1,0,5
TTATATTTGGCAATCC.1,0,0,0,0,0,0,0,0,1,0,0,2,0,2,0,5
TGCCTGATCAAACGAT.1,0,0,0,0,0,0,0,0,4,0,0,0,1,0,0,5
ATAGAGTACTGGGACA.1,0,0,0,0,0,0,0,0,4,0,0,0,1,0,0,5
CCATTCCCTGCCCACA.1,0,0,0,0,0,0,0,0,1,0,0,0,0,4,0,5
ATCACTTCATCCTCGC.1,0,0,0,0,0,0,0,0,4,0,0,0,0,0,0,4
TCCGATGGTGCGACAT.1,0,0,0,0,0,0,0,0,1,0,0,1,2,0,0,4
CACCTCGATGGTGGAC.1,0,0,0,0,0,0,0,0,5,0,0,0,0,0,0,5
GCAAGTGCACAGAGAA.1,0,0,0,0,0,0,0,0,3,0,0,0,0,1,0,4
ATGCCGGTTGATGGGA.1,0,0,0,0,0,0,0,0,2,0,0,0,3,0,0,5
CTGAAAGAGATCCGAC.1,0,0,0,0,0,0,0,0,2,3,0,0,0,0,0,5
GAATGTATGGCAGGTC.1,0,0,0,0,0,0,0,0,2,0,0,0,0,3,0,5
CTAATTCGCACGCGCT.1,0,0,0,0,0,0,0,0,4,0,0,0,0,0,0,4
GTCAGAATAGTCTATG.1,0,0,0,0,0,0,0,0,4,0,0,0,0,0,0,4
ATTATGCCATAGGGAG.1,0,0,0,0,0,0,0,0,3,0,0,1,0,0,0,4
TCGCGTCCAGAAGGTC.1,0,0,0,0,0,0,0,0,4,0,0,0,0,0,0,4
TCCCTGGCTCGCTGGA.1,0,0,0,0,0,0,0,0,4,0,0,0,0,0,0,4
TTATCTGTATCATAAC.1,0,0,0,0,0,0,0,0,2,0,0,0,2,1,0,5
GATATTTCCTACATGG.1,0,0,0,0,0,0,0,0,1,0,0,0,3,1,0,5
AAGTAGTGACGCGAGG.1,0,0,0,0,0,0,0,0,4,0,0,0,0,0,0,4
TAATAAACAAGGAGAT.1,0,0,0,0,0,0,0,0,3,0,0,0,2,0,0,5
TGCATGGATCGGATCT.1,0,0,0,0,0,0,0,0,4,0,0,0,1,0,0,5
CGGTGCGCGTTGGTCC.1,0,0,0,0,0,0,0,0,1,0,0,0,3,0,0,4
ATGGATCCGGCGTCCG.1,0,0,0,0,0,0,0,0,4,0,0,0,1,0,0,5
TTGTTCAGTGTGCTAC.1,0,0,0,0,0,0,0,0,1,0,0,1,3,0,0,5
CCAAGACTTCTGCGAA.1,0,0,0,0,0,0,0,0,4,0,0,0,0,0,0,4
AAATAACCATACGGGA.1,0,0,0,0,0,0,0,0,4,0,0,0,0,0,0,4
TCCTGCGTTGATACTC.1,0,0,0,0,0,0,0,0,4,0,1,0,0,0,0,5
CTCAAGACATTAGCGC.1,0,0,0,0,0,0,0,0,2,0,0,0,3,0,0,5
GGTTACCACCCTCGGG.1,0,0,0,0,0,0,0,0,2,0,0,0,2,1,0,5
GAGAGGTGCATTCTGG.1,0,0,0,0,0,0,0,0,3,0,0,0,1,1,0,5
GCGCTGATCCAGACTC.1,0,0,0,0,0,0,0,0,2,0,0,0,3,0,0,5
AGCACTTAAGGACGCC.1,0,0,0,0,0,0,0,0,3,0,0,0,1,0,0,4
GAACACACATCAACCA.1,0,0,0,0,0,0,0,0,5,0,0,0,0,0,0,5
GCTCATTACTGCATGT.1,0,0,0,0,0,0,0,0,3,0,0,0,1,0,0,4
GAGGCTATCAAAGTCG.1,0,0,0,0,0,0,0,0,3,0,0,0,0,2,0,5
TCTTGGTAACACCAAA.1,0,0,0,0,0,0,0,0,4,0,0,0,1,0,0,5
AGGGTCAGTAACCCTA.1,0,0,0,0,0,0,0,0,1,0,0,0,4,0,0,5
CACCTAATCAGTTTAC.1,0,0,0,0,0,0,0,0,1,0,0,0,2,0,2,5
TCCGATTACATTGCCG.1,0,0,0,0,0,0,0,0,2,0,0,0,0,2,0,4
AGTCCCGCCTTTAATT.1,0,0,0,0,0,0,0,0,1,0,0,0,4,0,0,5
GAAATCGCGCGCAACT.1,0,0,0,0,0,0,0,0,1,0,0,0,0,0,3,4
TCGTGTCACGCTGACA.1,0,0,0,0,0,0,0,0,0,2,0,0,0,0,0,2
ACCTAAGTACCTTTCA.1,0,0,0,0,0,0,0,0,0,4,0,0,0,0,0,4
GTAGAGGGAGACAAGT.1,0,0,0,0,0,0,0,0,0,4,0,0,0,0,0,4
CTTCTATGTTGAAGTA.1,0,0,0,0,0,0,0,0,0,3,0,0,0,0,0,3
TACCTTAAGATTTCCC.1,0,0,0,0,0,0,0,0,0,4,0,0,0,0,0,4
TATTTAGTCTAGATCG.1,0,0,0,0,0,0,0,0,0,3,0,0,0,0,0,3
TTCTGCTAGACTCCAA.1,0,0,0,0,0,0,0,0,0,3,0,0,0,0,0,3
TCAACGCAGGAAATAA.1,0,0,0,0,0,0,0,0,0,5,0,0,0,0,0,5
CAAATCTCTCACAAGG.1,0,0,0,0,0,0,0,0,0,4,0,0,0,0,0,4
GACATCGATTTATAAC.1,0,0,0,0,0,0,0,0,0,1,0,0,0,0,4,5
CTACCCTAAGGTCATA.1,0,0,0,0,0,0,0,0,0,4,0,0,0,0,0,4
GGAATGCGCTAGCGTG.1,0,0,0,0,0,0,0,0,0,1,0,0,0,0,2,3
GATCCTCGACACTGGC.1,0,0,0,0,0,0,0,0,0,4,0,0,0,0,0,4
ACGAAATGGGCGGCAC.1,0,0,0,0,0,0,0,0,0,2,0,0,0,0,0,2
CTATCGGGTCTCAACA.1,0,0,0,0,0,0,0,0,0,4,0,0,0,0,0,4
TCCTGCCAACTGGAGA.1,0,0,0,0,0,0,0,0,0,2,0,0,0,0,0,2
AACTTGCCCGTATGCA.1,0,0,0,0,0,0,0,0,0,3,0,0,0,0,0,3
CTAATTCTCAGATATT.1,0,0,0,0,0,0,0,0,0,3,0,0,0,0,0,3
TGGCAGCAGTAATAGT.1,0,0,0,0,0,0,0,0,0,3,0,0,0,0,0,3
CACCGTTGCGCGATAT.1,0,0,0,0,0,0,0,0,0,4,0,0,0,0,0,4
TCACCGCTCGGCACTC.1,0,0,0,0,0,0,0,0,0,3,0,0,0,0,0,3
ATAACGTTACCTCCAC.1,0,0,0,0,0,0,0,0,0,4,0,0,0,0,0,4
CCACTGGTGGCTGGTT.1,0,0,0,0,0,0,0,0,0,3,0,0,0,0,0,3
GCGCTAATTGAATAGA.1,0,0,0,0,0,0,0,0,0,2,0,0,0,0,2,4
ACTGCCGTCGTAACTC.1,0,0,0,0,0,0,0,0,0,1,0,0,0,0,2,3
GAGGAATGGAGAGGTT.1,0,0,0,0,0,0,0,0,0,3,0,0,0,0,0,3
CCTACATTCACAGACG.1,0,0,0,0,0,0,0,0,0,4,0,0,0,0,0,4
GCGTCGAAATGTCGGT.1,0,0,0,0,0,0,0,0,0,3,0,0,0,0,0,3
TGGTTTAAACGTGGGT.1,0,0,0,0,0,0,0,0,0,1,0,0,0,0,0,1
ACGCAATCACTACAGC.1,0,0,0,0,0,0,0,0,0,1,0,0,0,0,0,1
CGCTTTCTTGCATTCG.1,0,0,0,0,0,0,0,0,0,1,0,0,0,0,1,2
CCTCTGGCCTAGACGG.1,0,0,0,0,0,0,0,0,0,3,0,0,0,0,0,3
ACGCTAGTGATACACT.1,0,0,0,0,0,0,0,0,0,2,0,0,0,0,0,2
CGCAGATCTTCACCCG.1,0,0,0,0,0,0,0,0,0,3,0,0,0,0,0,3
GTCGTGTCTGGTCATC.1,0,0,0,0,0,0,0,0,0,1,0,0,0,0,0,1
AAGACTGCAAGCTACT.1,0,0,0,0,0,0,0,0,0,2,0,0,0,0,0,2
GTCCCAACGTAAAGTA.1,0,0,0,0,0,0,0,0,0,2,0,0,0,0,0,2
CAATCCCTATACCAGC.1,0,0,0,0,0,0,0,0,0,2,0,0,0,0,0,2
GCCAACCATTTCCGGA.1,0,0,0,0,0,0,0,0,0,1,0,0,0,0,0,1
TCCAGATGTACGCCAA.1,0,0,0,0,0,0,0,0,0,2,0,0,0,0,0,2
CACATGATTCAGCAAC.1,0,0,0,0,0,0,0,0,0,1,0,0,0,0,3,4
GTCTCGACTAAGTTTG.1,0,0,0,0,0,0,0,0,0,1,0,0,0,0,1,2
TGTATCAGACTGAAGC.1,0,0,0,0,0,0,0,0,0,4,0,0,0,0,0,4
TGGGTGGGATGTCATT.1,0,0,0,0,0,0,0,0,0,1,0,0,0,0,2,3
TCTGTTACCCAGCATA.1,0,0,0,0,0,0,0,0,0,1,0,0,0,0,2,3
AGTCGGCCCAAACGAC.1,0,0,0,0,0,0,0,0,0,1,0,0,0,0,2,3
TTAAACTCGAATTCAT.1,0,0,0,0,0,0,0,0,0,4,0,0,0,0,0,4
GAAAGCCCTTTGGACC.1,0,0,0,0,0,0,0,0,0,2,0,0,0,0,0,2
AGCGACAGGAACGGTC.1,0,0,0,0,0,0,0,0,0,2,0,0,0,0,1,3
TCACGGTCATCGCACA.1,0,0,0,0,0,0,0,0,0,2,0,0,0,0,2,4
TCCTCTACGAGATGGC.1,0,0,0,0,0,0,0,0,0,1,0,0,0,0,1,2
CGTTGTAAGATTGATT.1,0,0,0,0,0,0,0,0,0,1,0,0,0,0,0,1
AGGCCCTAGAACGCCA.1,0,0,0,0,0,0,0,0,0,1,0,0,0,0,3,4
GGTGAAGTACAGGGAT.1,0,0,0,0,0,0,0,0,0,0,1,0,0,4,0,5
CTAGCCGATGTTATGA.1,0,0,0,0,0,0,0,0,0,0,1,1,0,3,0,5
GAGCTGTCGTCTCGGA.1,0,0,0,0,0,0,0,0,0,0,2,2,0,1,0,5
CGAAGCTATAAATTCA.1,0,0,0,0,0,0,0,0,0,0,2,3,0,0,0,5
GTCTGGGCGGTCGAGA.1,0,0,0,0,0,0,0,0,0,0,1,4,0,0,0,5
TAATTGGAATCGGGAA.1,0,0,0,0,0,0,0,0,0,0,2,0,2,0,1,5
ATTGAAGATCTTAGTG.1,0,0,0,0,0,0,0,0,0,0,1,2,0,2,0,5
ATCTGGTTAAGACTGT.1,0,0,0,0,0,0,0,0,0,0,3,0,0,2,0,5
AAGTTCAGTCTGCGTA.1,0,0,0,0,0,0,0,0,0,0,2,2,1,0,0,5
TGCAAGAATGACGTAA.1,0,0,0,0,0,0,0,0,0,0,2,0,0,3,0,5
ATACGGGTTTCGATTG.1,0,0,0,0,0,0,0,0,0,0,1,0,0,4,0,5
CTGTCAAATGGCTCGG.1,0,0,0,0,0,0,0,0,0,0,1,3,0,1,0,5
ACAATCCATTTAAACC.1,0,0,0,0,0,0,0,0,0,0,1,0,2,2,0,5
CAGTGAATAAATGACT.1,0,0,0,0,0,0,0,0,0,0,1,1,0,3,0,5
TGACCCACGTTAGACA.1,0,0,0,0,0,0,0,0,0,0,2,3,0,0,0,5
GTACACTTACCTGAAG.1,0,0,0,0,0,0,0,0,0,0,1,0,0,0,2,3
TCACAGGTTATTGGGC.1,0,0,0,0,0,0,0,0,0,0,3,2,0,0,0,5
CGACAGTTCGCGTTAT.1,0,0,0,0,0,0,0,0,0,0,0,1,0,4,0,5
GCAGGACTATAGAATA.1,0,0,0,0,0,0,0,0,0,0,0,1,0,4,0,5
ATTCAGGACCTATTTC.1,0,0,0,0,0,0,0,0,0,0,0,5,0,0,0,5
CAGAGCATGAGCTTGC.1,0,0,0,0,0,0,0,0,0,0,0,2,0,3,0,5
TAGCTAAGTCCGGGAG.1,0,0,0,0,0,0,0,0,0,0,0,5,0,0,0,5
GGCTAAAGGGCGGGTC.1,0,0,0,0,0,0,0,0,0,0,0,4,0,1,0,5
GCGGTTCCCTATCATG.1,0,0,0,0,0,0,0,0,0,0,0,5,0,0,0,5
GGGCGTCACCACGTAA.1,0,0,0,0,0,0,0,0,0,0,0,5,0,0,0,5
ATAACGGAGTCCAACG.1,0,0,0,0,0,0,0,0,0,0,0,2,0,3,0,5
ATAGACGAAGAGAAAG.1,0,0,0,0,0,0,0,0,0,0,0,2,0,3,0,5
GTACTAAGATTTGGAG.1,0,0,0,0,0,0,0,0,0,0,0,2,0,3,0,5
AGTCTTCTCCTCAAAT.1,0,0,0,0,0,0,0,0,0,0,0,1,0,4,0,5
TGCCATTACTAAAGAA.1,0,0,0,0,0,0,0,0,0,0,0,2,1,2,0,5
GAATAGCCCTGCGGTC.1,0,0,0,0,0,0,0,0,0,0,0,5,0,0,0,5
TGGAGTGATGCGATGA.1,0,0,0,0,0,0,0,0,0,0,0,1,3,0,0,4
TCGCTCGATATATTCC.1,0,0,0,0,0,0,0,0,0,0,0,2,0,2,0,4
TTAGCTAATACGATCT.1,0,0,0,0,0,0,0,0,0,0,0,2,0,3,0,5
CCATTAGCGATAATCC.1,0,0,0,0,0,0,0,0,0,0,0,4,0,1,0,5
AGCACCAGTACTCACG.1,0,0,0,0,0,0,0,0,0,0,0,4,0,1,0,5
CAGCCTCCTGCAGAGG.1,0,0,0,0,0,0,0,0,0,0,0,1,0,4,0,5
GAGATCTGCTTGGCAT.1,0,0,0,0,0,0,0,0,0,0,0,3,0,2,0,5
GGGCGGGTTCCCTACG.1,0,0,0,0,0,0,0,0,0,0,0,1,0,4,0,5
CGAACCCGCATGCGTC.1,0,0,0,0,0,0,0,0,0,0,0,2,0,3,0,5
CCGAGCTGTGCTTGTC.1,0,0,0,0,0,0,0,0,0,0,0,5,0,0,0,5
TGGCTTGTACAAGCTT.1,0,0,0,0,0,0,0,0,0,0,0,1,2,2,0,5
CACATTCTTTCGATGG.1,0,0,0,0,0,0,0,0,0,0,0,0,5,0,0,5
TGATCTACGCTGATCT.1,0,0,0,0,0,0,0,0,0,0,0,0,5,0,0,5
TGACACTTCTCTTTGC.1,0,0,0,0,0,0,0,0,0,0,0,0,5,0,0,5
CTAACCGCGCGCCCGT.1,0,0,0,0,0,0,0,0,0,0,0,0,1,4,0,5
TAAAGCTGCAATAGGG.1,0,0,0,0,0,0,0,0,0,0,0,0,6,0,0,6
AGCCCTTCTAATCCGA.1,0,0,0,0,0,0,0,0,0,0,0,0,5,0,0,5
CACCCACGAGGCAATT.1,0,0,0,0,0,0,0,0,0,0,0,0,4,1,0,5
CATGGGTCGGGTGTGG.1,0,0,0,0,0,0,0,0,0,0,0,0,5,0,0,5
AGCTCTTCCCAGTGCA.1,0,0,0,0,0,0,0,0,0,0,0,0,4,0,0,4
GTAAGCGGGCAGTCAG.1,0,0,0,0,0,0,0,0,0,0,0,0,4,1,0,5
CGCGAGAGGGACTTGT.1,0,0,0,0,0,0,0,0,0,0,0,0,6,0,0,6
CGCGTTCATGAAATAC.1,0,0,0,0,0,0,0,0,0,0,0,0,2,3,0,5
TATCACTTCGAGTAAC.1,0,0,0,0,0,0,0,0,0,0,0,0,5,0,0,5
GTCTCGATCTGCTTTC.1,0,0,0,0,0,0,0,0,0,0,0,0,5,0,0,5
TCGCTAAACCGCTATC.1,0,0,0,0,0,0,0,0,0,0,0,0,3,2,0,5
TTCTTGGAGTAATGAG.1,0,0,0,0,0,0,0,0,0,0,0,0,3,2,0,5
CAAGCAACGTCGGAGT.1,0,0,0,0,0,0,0,0,0,0,0,0,1,4,0,5
TCGAAATTTAGGACCA.1,0,0,0,0,0,0,0,0,0,0,0,0,2,3,0,5
TGAATATGCTATAAAC.1,0,0,0,0,0,0,0,0,0,0,0,0,6,0,0,6
CAAACGGTCGCACTTT.1,0,0,0,0,0,0,0,0,0,0,0,0,4,1,0,5
TCTCCAACGTAGGTTA.1,0,0,0,0,0,0,0,0,0,0,0,0,3,2,0,5
GTTGGATTCAGTGGCT.1,0,0,0,0,0,0,0,0,0,0,0,0,5,0,0,5
GCTAGCAGGGAGTGGG.1,0,0,0,0,0,0,0,0,0,0,0,0,2,0,3,5
GCTCTCGGGTACCGAA.1,0,0,0,0,0,0,0,0,0,0,0,0,1,4,0,5
GATCGACACTATCTGA.1,0,0,0,0,0,0,0,0,0,0,0,0,3,2,0,5
ATGCACTACCGCATTG.1,0,0,0,0,0,0,0,0,0,0,0,0,2,2,0,4
CCTCCGACAATTCAAG.1,0,0,0,0,0,0,0,0,0,0,0,0,3,2,0,5
CTAAAGAATGCCTACT.1,0,0,0,0,0,0,0,0,0,0,0,0,1,4,0,5
TGCGGAGTAAAGGTGC.1,0,0,0,0,0,0,0,0,0,0,0,0,5,0,0,5
ATCGACTCTTTCCGTT.1,0,0,0,0,0,0,0,0,0,0,0,0,5,0,0,5
TACGGGATGCTAGCAG.1,0,0,0,0,0,0,0,0,0,0,0,0,5,0,0,5
TAGCTAGAAGGCATGA.1,0,0,0,0,0,0,0,0,0,0,0,0,5,0,0,5
ATTAATACTACGCGGG.1,0,0,0,0,0,0,0,0,0,0,0,0,3,2,0,5
CACCGCGTCCACTCTA.1,0,0,0,0,0,0,0,0,0,0,0,0,5,0,0,5
TGCCACCTGGCGAAAC.1,0,0,0,0,0,0,0,0,0,0,0,0,4,1,0,5
GAAATTAGCACGGATA.1,0,0,0,0,0,0,0,0,0,0,0,0,5,0,0,5
CGTTTCACTTCGGGCG.1,0,0,0,0,0,0,0,0,0,0,0,0,5,0,0,5
CATCTATCCCGTGTCT.1,0,0,0,0,0,0,0,0,0,0,0,0,3,0,1,4
AGCGACCAACGATATT.1,0,0,0,0,0,0,0,0,0,0,0,0,5,0,0,5
CCTGCTATTTGAGAAG.1,0,0,0,0,0,0,0,0,0,0,0,0,1,3,0,4
TCCCAAAGACGAAGGA.1,0,0,0,0,0,0,0,0,0,0,0,0,1,4,0,5
ATCACATTAGAATATC.1,0,0,0,0,0,0,0,0,0,0,0,0,2,3,0,5
CAGACGAACCTGATAC.1,0,0,0,0,0,0,0,0,0,0,0,0,2,3,0,5
TTGACATGAACGTGGA.1,0,0,0,0,0,0,0,0,0,0,0,0,1,4,0,5
TTAAGCGCCTGACCCA.1,0,0,0,0,0,0,0,0,0,0,0,0,1,4,0,5
ATTTACAGTTTACTGG.1,0,0,0,0,0,0,0,0,0,0,0,0,1,3,0,4
AAACCGGGTAGGTACC.1,0,0,0,0,0,0,0,0,0,0,0,0,1,1,3,5
CCTGGCTAGACCCGCC.1,0,0,0,0,0,0,0,0,0,0,0,0,1,3,0,4
TGGCAACTCGCGCGCC.1,0,0,0,0,0,0,0,0,0,0,0,0,0,5,0,5
TGTTCCGCTTCCATGA.1,0,0,0,0,0,0,0,0,0,0,0,0,0,5,0,5
CGCATTAGCTAATAGG.1,0,0,0,0,0,0,0,0,0,0,0,0,0,5,0,5
TGGTCTGTTGGGCGTA.1,0,0,0,0,0,0,0,0,0,0,0,0,0,4,0,4
ACGATACATAGAACTA.1,0,0,0,0,0,0,0,0,0,0,0,0,0,6,0,6
AGTTCCTACAGAATTA.1,0,0,0,0,0,0,0,0,0,0,0,0,0,5,0,5
TGAGATTAGGCCCTAA.1,0,0,0,0,0,0,0,0,0,0,0,0,0,5,0,5
ATAGGCGGCTATAGAA.1,0,0,0,0,0,0,0,0,0,0,0,0,0,5,0,5
ACTTGGGACCCGGTGG.1,0,0,0,0,0,0,0,0,0,0,0,0,0,5,0,5
CTTACACGGTATTCCA.1,0,0,0,0,0,0,0,0,0,0,0,0,0,5,0,5
AGGACGCTCGATGTTG.1,0,0,0,0,0,0,0,0,0,0,0,0,0,4,0,4
TCAGGTTCTTTGAGAA.1,0,0,0,0,0,0,0,0,0,0,0,0,0,5,0,5
GACAACGACCATTGAA.1,0,0,0,0,0,0,0,0,0,0,0,0,0,5,0,5
GTCATGCACCTCCGTT.1,0,0,0,0,0,0,0,0,0,0,0,0,0,5,0,5
GAGTATGCCCGCCTTG.1,0,0,0,0,0,0,0,0,0,0,0,0,0,5,0,5
GGCACTCCACTGGGCA.1,0,0,0,0,0,0,0,0,0,0,0,0,0,5,0,5
ACGATCATACATAGAG.1,0,0,0,0,0,0,0,0,0,0,0,0,0,5,0,5
TCCCAGGCTTAGCTAA.1,0,0,0,0,0,0,0,0,0,0,0,0,0,5,0,5
TGATCGGTTTGACCCT.1,0,0,0,0,0,0,0,0,0,0,0,0,0,4,0,4
ATAGGGATATCCTTGA.1,0,0,0,0,0,0,0,0,0,0,0,0,0,5,0,5
CGTTGTTTCAATTCCC.1,0,0,0,0,0,0,0,0,0,0,0,0,0,1,4,5
TGCAGGATCGGCAAAG.1,0,0,0,0,0,0,0,0,0,0,0,0,0,5,0,5
GGAGAAGTCATTGGCA.1,0,0,0,0,0,0,0,0,0,0,0,0,0,0,3,3
ATACCACGGGCAACTT.1,0,0,0,0,0,0,0,0,0,0,0,0,0,0,5,5
AAGGCGCGTAAAGCTT.1,0,0,0,0,0,0,0,0,0,0,0,0,0,0,3,3
GACAGGCACACACTAT.1,0,0,0,0,0,0,0,0,0,0,0,0,0,0,3,3
GTAGCTTCCTCTTGTT.1,0,0,0,0,0,0,0,0,0,0,0,0,0,0,3,3
GCATTGTAATTCATAT.1,0,0,0,0,0,0,0,0,0,0,0,0,0,0,4,4
GACAACGCAGCTTACG.1,0,0,0,0,0,0,0,0,0,0,0,0,0,0,4,4
GGAGGGCTTGGTTGGC.1,0,0,0,0,0,0,0,0,0,0,0,0,0,0,3,3
TTCGTACTCCAGAACG.1,0,0,0,0,0,0,0,0,0,0,0,0,0,0,3,3
GAGACCCTGCAACGCC.1,0,0,0,0,0,0,0,0,0,0,0,0,0,0,5,5
ACAGGTGGAGGTGAGG.1,0,0,0,0,0,0,0,0,0,0,0,0,0,0,3,3
AATAGAACAGAGTGGC.1,0,0,0,0,0,0,0,0,0,0,0,0,0,0,4,4
TGCAGAACTATATCGT.1,0,0,0,0,0,0,0,0,0,0,0,0,0,0,4,4
CTAACGAAACTTGCTG.1,0,0,0,0,0,0,0,0,0,0,0,0,0,0,3,3
GGTCGGCCAGGAGCTT.1,0,0,0,0,0,0,0,0,0,0,0,0,0,0,4,4
GAAACCATGGTGCGCT.1,0,0,0,0,0,0,0,0,0,0,0,0,0,0,2,2
TGATCAGGGAACTGCT.1,0,0,0,0,0,0,0,0,0,0,0,0,0,0,4,4
GCAAGATGTGTTCGCG.1,0,0,0,0,0,0,0,0,0,0,0,0,0,0,4,4
ACTCTTGTATAGTAAC.1,0,0,0,0,0,0,0,0,0,0,0,0,0,0,3,3
TACAAGTCTCGTGCAT.1,0,0,0,0,0,0,0,0,0,0,0,0,0,0,3,3
ATTGTCGCAATACCTT.1,0,0,0,0,0,0,0,0,0,0,0,0,0,0,4,4
GGGTATGTATGCACTT.1,0,0,0,0,0,0,0,0,0,0,0,0,0,0,2,2
CAACGACCCGTTTACA.1,0,0,0,0,0,0,0,0,0,0,0,0,0,0,3,3
AATAACACTAGAACAA.1,0,0,0,0,0,0,0,0,0,0,0,0,0,0,4,4
AGCTATTTAATCCAAC.1,0,0,0,0,0,0,0,0,0,0,0,0,0,0,3,3
ATCATCCAATATTTGT.1,0,0,0,0,0,0,0,0,0,0,0,0,0,0,3,3
TTGTTTCCATACAACT.1,0,0,0,0,0,0,0,0,0,0,0,0,0,0,4,4
CGGTTATCCAACAGTG.1,0,0,0,0,0,0,0,0,0,0,0,0,0,0,3,3
TCTAGCATCTTCGATG.1,0,0,0,0,0,0,0,0,0,0,0,0,0,0,3,3
ATCTCCCTGCAATCTA.1,0,0,0,0,0,0,0,0,0,0,0,0,0,0,3,3
ATGACGCGTTCTATCC.1,0,0,0,0,0,0,0,0,0,0,0,0,0,0,4,4
AACGTCAGACTAGTGG.1,0,0,0,0,0,0,0,0,0,0,0,0,0,0,3,3
CGTGACATTGGGTCGT.1,0,0,0,0,0,0,0,0,0,0,0,0,0,0,3,3
TTCCTCGAGGGTGTCT.1,0,0,0,0,0,0,0,0,0,0,0,0,0,0,3,3
GTGAGGAGCGGTTGAG.1,0,0,0,0,0,0,0,0,0,0,0,0,0,0,2,2
CTCCGGCCTAATATGC.1,0,0,0,0,0,0,0,0,0,0,0,0,0,0,3,3
TGATCCCAGCATTAGT.1,0,0,0,0,0,0,0,0,0,0,0,0,0,0,2,2
CCAGCTGATGGTACTT.1,0,0,0,0,0,0,0,0,0,0,0,0,0,0,3,3
CTACTCTAGGCCCGGC.1,0,0,0,0,0,0,0,0,0,0,0,0,0,0,2,2
CAAGCACCAAATGCCT.1,0,0,0,0,0,0,0,0,0,0,0,0,0,0,4,4
CCAGAAAGCAACTCAT.1,0,0,0,0,0,0,0,0,0,0,0,0,0,0,3,3
TTAACTTCAGGTAGGA.1,0,0,0,0,0,0,0,0,0,0,0,0,0,0,4,4
CGGCAGGGTCGGGTTG.1,0,0,0,0,0,0,0,0,0,0,0,0,0,0,3,3
GGATTTCACTTCTATA.1,0,0,0,0,0,0,0,0,0,0,0,0,0,0,3,3
GCCGGGTTAGGGTCGC.1,0,0,0,0,0,0,0,0,0,0,0,0,0,0,4,4
GGTAGTGCTCGCACCA.1,0,0,0,0,0,0,0,0,0,0,0,0,0,0,3,3
GCTGGTGACTCGTAGT.1,0,0,0,0,0,0,0,0,0,0,0,0,0,0,4,4
TCTCGAACGAGGTCAC.1,0,0,0,0,0,0,0,0,0,0,0,0,0,0,3,3
GTGCACGAAAGTGACT.1,0,0,0,0,0,0,0,0,0,0,0,0,0,0,3,3
GTGGAACCTACATGCG.1,0,0,0,0,0,0,0,0,0,0,0,0,0,0,2,2
GACCGACTGAAGCGTC.1,0,0,0,0,0,0,0,0,0,0,0,0,0,0,2,2
TAAATGCCGTCTCATG.1,0,0,0,0,0,0,0,0,0,0,0,0,0,0,4,4
GCTTGGATCGATTAGG.1,0,0,0,0,0,0,0,0,0,0,0,0,0,0,3,3
GTACGTCACGTATTAA.1,0,0,0,0,0,0,0,0,0,0,0,0,0,0,4,4
GGCTAATGATTGAAAT.1,0,0,0,0,0,0,0,0,0,0,0,0,0,0,5,5
GAACGTCTCATGGTCG.1,0,0,0,0,0,0,0,0,0,0,0,0,0,0,4,4
TTGTGGCCCTGACAGT.1,0,0,0,0,0,0,0,0,0,0,0,0,0,0,3,3
GGCCCTCACCCACTTA.1,0,0,0,0,0,0,0,0,0,0,0,0,0,0,3,3
TCTGTGCCATCATAGT.1,0,0,0,0,0,0,0,0,0,0,0,0,0,0,3,3
CGTTGAGTAATTGCGT.1,0,0,0,0,0,0,0,0,0,0,0,0,0,0,3,3
ATCTGCACCTCTGCGA.1,0,0,0,0,0,0,0,0,0,0,0,0,0,0,2,2
TATTCAATTCTAATCC.1,0,0,0,0,0,0,0,0,0,0,0,0,0,0,2,2
GTGATGCACAACATCT.1,0,0,0,0,0,0,0,0,0,0,0,0,0,0,3,3
GCATGAGGGACGCGGC.1,0,0,0,0,0,0,0,0,0,0,0,0,0,0,3,3
TTGACCGTGTTAATGA.1,0,0,0,0,0,0,0,0,0,0,0,0,0,0,4,4
GTGAGCGTGCTGCACT.1,0,0,0,0,0,0,0,0,0,0,0,0,0,0,3,3
TTCTAGGCCAATTGTG.1,0,0,0,0,0,0,0,0,0,0,0,0,0,0,3,3
AATATTGGAGTATTGA.1,0,0,0,0,0,0,0,0,0,0,0,0,0,0,3,3
AGTCGTGGGCATTACG.1,0,0,0,0,0,0,0,0,0,0,0,0,0,0,3,3
GCATTCAAGGCAACGC.1,0,0,0,0,0,0,0,0,0,0,0,0,0,0,2,2
CGAGCTGGGCTTTAGG.1,0,0,0,0,0,0,0,0,0,0,0,0,0,0,3,3
ATGGAGCAGGCCGTGA.1,0,0,0,0,0,0,0,0,0,0,0,0,0,0,4,4
CCGCGGGTACGAAGAA.1,0,0,0,0,0,0,0,0,0,0,0,0,0,0,3,3
GCTAGCTTGAATAGCT.1,0,0,0,0,0,0,0,0,0,0,0,0,0,0,3,3
GGGAGTTAATGAGGCG.1,0,0,0,0,0,0,0,0,0,0,0,0,0,0,2,2
ACAAGCAGTGCCTAGC.1,0,0,0,0,0,0,0,0,0,0,0,0,0,0,2,2
CCGTTCCGAATCTCGG.1,0,0,0,0,0,0,0,0,0,0,0,0,0,0,4,4
TACTTTACTGAGCCGG.1,0,0,0,0,0,0,0,0,0,0,0,0,0,0,2,2
TCCGGCCTAGCGTACA.1,0,0,0,0,0,0,0,0,0,0,0,0,0,0,2,2
TTAACCAACCCTCCCT.1,0,0,0,0,0,0,0,0,0,0,0,0,0,0,3,3
TCAGTACTGACCCGCG.1,0,0,0,0,0,0,0,0,0,0,0,0,0,0,3,3
GATTCCGCGTTTCCGT.1,0,0,0,0,0,0,0,0,0,0,0,0,0,0,3,3
TAGGTTCGAGTTCGTC.1,0,0,0,0,0,0,0,0,0,0,0,0,0,0,3,3
ATCCAACGCAGTCATA.1,0,0,0,0,0,0,0,0,0,0,0,0,0,0,3,3
GAAATATCACCATCAG.1,0,0,0,0,0,0,0,0,0,0,0,0,0,0,2,2
AGGGAAACGAGGTACT.1,0,0,0,0,0,0,0,0,0,0,0,0,0,0,3,3
CCTAAAGGCTGACGCT.1,0,0,0,0,0,0,0,0,0,0,0,0,0,0,2,2
TTGCTGAAGGAACCAC.1,0,0,0,0,0,0,0,0,0,0,0,0,0,0,3,3
AAATTACACGACTCTG.1,0,0,0,0,0,0,0,0,0,0,0,0,0,0,3,3
CGGTATAGGTATTAGC.1,0,0,0,0,0,0,0,0,0,0,0,0,0,0,3,3
ACGAGTACGGATGCCC.1,0,0,0,0,0,0,0,0,0,0,0,0,0,0,1,1
TTAATTTCAGACGCGG.1,0,0,0,0,0,0,0,0,0,0,0,0,0,0,3,3
GACTCCCAGAATAAGG.1,0,0,0,0,0,0,0,0,0,0,0,0,0,0,4,4
AACTCCTAATCCCATG.1,0,0,0,0,0,0,0,0,0,0,0,0,0,0,2,2
CCATAGGTTGGCGTGG.1,0,0,0,0,0,0,0,0,0,0,0,0,0,0,3,3
TTCTTGGACGATCTGC.1,0,0,0,0,0,0,0,0,0,0,0,0,0,0,2,2
CTTGCAACCGCCTCCT.1,0,0,0,0,0,0,0,0,0,0,0,0,0,0,4,4
TCACGTGCCCGATTCA.1,0,0,0,0,0,0,0,0,0,0,0,0,0,0,4,4
CATAGTACATTGAGAG.1,0,0,0,0,0,0,0,0,0,0,0,0,0,0,2,2
TCTAGGTGGCGACGCT.1,0,0,0,0,0,0,0,0,0,0,0,0,0,0,2,2
CCGTAAGTTGGTCCCA.1,0,0,0,0,0,0,0,0,0,0,0,0,0,0,3,3
AATCTATGCCGGAGCC.1,0,0,0,0,0,0,0,0,0,0,0,0,0,0,3,3
AGCTTGATCTTAACTT.1,0,0,0,0,0,0,0,0,0,0,0,0,0,0,4,4
GTTATATCAGGAGCCA.1,0,0,0,0,0,0,0,0,0,0,0,0,0,0,3,3
ATAAGTAGGATTCAGA.1,0,0,0,0,0,0,0,0,0,0,0,0,0,0,1,1
CTGGTAACGAGCTCTT.1,0,0,0,0,0,0,0,0,0,0,0,0,0,0,2,2
TCCGATAATTGCCATA.1,0,0,0,0,0,0,0,0,0,0,0,0,0,0,3,3
CCAATCGGTAGATCGA.1,0,0,0,0,0,0,0,0,0,0,0,0,0,0,2,2
CAACTATATCGAATGC.1,0,0,0,0,0,0,0,0,0,0,0,0,0,0,2,2
ATCAAACGAAGGTTTG.1,0,0,0,0,0,0,0,0,0,0,0,0,0,0,4,4
ATGAAGCCAAGGAGCC.1,0,0,0,0,0,0,0,0,0,0,0,0,0,0,3,3
TCACTACGACCAATGC.1,0,0,0,0,0,0,0,0,0,0,0,0,0,0,4,4
CAATTTCGTATAAGGG.1,0,0,0,0,0,0,0,0,0,0,0,0,0,0,3,3
TCGGAATGCGCTCTGA.1,0,0,0,0,0,0,0,0,0,0,0,0,0,0,2,2
ATGCGACAGTCCCATT.1,0,0,0,0,0,0,0,0,0,0,0,0,0,0,3,3
AAACCGTTCGTCCAGG.1,0,0,0,0,0,0,0,0,0,0,0,0,0,0,4,4
TCTCTAATAGCTGGTA.1,0,0,0,0,0,0,0,0,0,0,0,0,0,0,3,3
ACGTGCGCCTCGTGCA.1,0,0,0,0,0,0,0,0,0,0,0,0,0,0,2,2
GAATTTCTCGCTGCAG.1,0,0,0,0,0,0,0,0,0,0,0,0,0,0,3,3
GGCTCGCGTTGAGGTA.1,0,0,0,0,0,0,0,0,0,0,0,0,0,0,3,3
TTGATTATGCAGATGA.1,0,0,0,0,0,0,0,0,0,0,0,0,0,0,2,2
GCTAATACCGAATGCC.1,0,0,0,0,0,0,0,0,0,0,0,0,0,0,3,3
GACGTGTAGGGATTAT.1,0,0,0,0,0,0,0,0,0,0,0,0,0,0,1,1
ATGAGGAGTGTTAATC.1,0,0,0,0,0,0,0,0,0,0,0,0,0,0,2,2
TCGGACGCCCAGCCCA.1,0,0,0,0,0,0,0,0,0,0,0,0,0,0,3,3
CCTCACCTGAGGGAGC.1,0,0,0,0,0,0,0,0,0,0,0,0,0,0,1,1
